# Lifetime spectra at each unfolded fraction
# Gaussian R_mean=35.0 Å, sigma=4.0 Å; WLC Lc=80.0 Å, Lp=60.0 Å
# fraction_unfolded	amplitude	lifetime_ns
0.00000000	0.00000000	0.00000000
0.00000000	0.00000000	0.00000000
0.00000000	0.00000000	0.00000000
0.00000000	0.00000000	0.00000000
0.00000000	0.00000000	0.00000000
0.00000000	0.00000000	0.00000000
0.00000000	0.00000000	0.00000000
0.00000000	0.00000000	0.00000000
0.00000000	0.00000000	0.00000000
0.00000000	0.00000000	0.00000000
0.00000000	0.00000000	0.00000000
0.00000000	0.00000000	0.00000001
0.00000000	0.00000000	0.00000001
0.00000000	0.00000000	0.00000001
0.00000000	0.00000000	0.00000001
0.00000000	0.00000000	0.00000002
0.00000000	0.00000000	0.00000003
0.00000000	0.00000000	0.00000004
0.00000000	0.00000000	0.00000005
0.00000000	0.00000000	0.00000007
0.00000000	0.00000000	0.00000009
0.00000000	0.00000000	0.00000013
0.00000000	0.00000000	0.00000018
0.00000000	0.00000000	0.00000024
0.00000000	0.00000000	0.00000032
0.00000000	0.00000000	0.00000044
0.00000000	0.00000000	0.00000060
0.00000000	0.00000000	0.00000081
0.00000000	0.00000000	0.00000111
0.00000000	0.00000000	0.00000151
0.00000000	0.00000000	0.00000205
0.00000000	0.00000000	0.00000279
0.00000000	0.00000000	0.00000379
0.00000000	0.00000000	0.00000515
0.00000000	0.00000000	0.00000701
0.00000000	0.00000000	0.00000953
0.00000000	0.00000000	0.00001296
0.00000000	0.00000000	0.00001762
0.00000000	0.00000000	0.00002396
0.00000000	0.00000000	0.00003258
0.00000000	0.00000000	0.00004431
0.00000000	0.00000000	0.00006026
0.00000000	0.00000000	0.00008195
0.00000000	0.00000000	0.00011144
0.00000000	0.00000000	0.00015155
0.00000000	0.00000000	0.00020609
0.00000000	0.00000000	0.00028027
0.00000000	0.00000000	0.00038113
0.00000000	0.00000001	0.00051829
0.00000000	0.00000002	0.00070479
0.00000000	0.00000005	0.00095840
0.00000000	0.00000011	0.00130323
0.00000000	0.00000029	0.00177208
0.00000000	0.00000076	0.00240949
0.00000000	0.00000199	0.00327600
0.00000000	0.00000529	0.00445377
0.00000000	0.00001410	0.00605433
0.00000000	0.00003754	0.00822890
0.00000000	0.00009932	0.01118233
0.00000000	0.00025936	0.01519175
0.00000000	0.00066341	0.02063131
0.00000000	0.00164766	0.02800487
0.00000000	0.00393365	0.03798856
0.00000000	0.00892428	0.05148528
0.00000000	0.01898894	0.06969281
0.00000000	0.03733284	0.09418577
0.00000000	0.06667656	0.12700841
0.00000000	0.10611776	0.17076925
0.00000000	0.14725565	0.22871750
0.00000000	0.17383064	0.30476469
0.00000000	0.16977489	0.40339249
0.00000000	0.13295227	0.52936573
0.00000000	0.08058557	0.68716232
0.00000000	0.03633332	0.88006846
0.00000000	0.01165329	1.10900028
0.00000000	0.00252880	1.37130906
0.00000000	0.00035097	1.66003533
0.00000000	0.00002925	1.96413013
0.00000000	0.00000136	2.26989307
0.00000000	0.00000003	2.56332399
0.00000000	0.00000000	2.83258347
0.00000000	0.00000000	3.06969371
0.00000000	0.00000000	3.27103882
0.00000000	0.00000000	3.43680211
0.00000000	0.00000000	3.56982850
0.00000000	0.00000000	3.67441095
0.00000000	0.00000000	3.75531030
0.00000000	0.00000000	3.81710905
0.00000000	0.00000000	3.86386573
0.00000000	0.00000000	3.89898525
0.00000000	0.00000000	3.92522008
0.00000000	0.00000000	3.94473795
0.00000000	0.00000000	3.95921452
0.00000000	0.00000000	3.96992768
0.00000000	0.00000000	3.97784255
0.00000000	0.00000000	3.98368284
0.00000000	0.00000000	4.00000000
0.00000000	0.00000000	0.00000000
0.00000000	0.00000000	0.00000000
0.00000000	0.00000000	0.00000000
0.00000000	0.00000000	0.00000000
0.00000000	0.00000000	0.00000000
0.00000000	0.00000000	0.00000000
0.00000000	0.00000000	0.00000000
0.00000000	0.00000000	0.00000000
0.00000000	0.00000000	0.00000000
0.00000000	0.00000000	0.00000000
0.00000000	0.00000000	0.00000000
0.00000000	0.00000000	0.00000001
0.00000000	0.00000000	0.00000001
0.00000000	0.00000000	0.00000001
0.00000000	0.00000000	0.00000001
0.00000000	0.00000000	0.00000002
0.00000000	0.00000000	0.00000003
0.00000000	0.00000000	0.00000004
0.00000000	0.00000000	0.00000005
0.00000000	0.00000000	0.00000007
0.00000000	0.00000000	0.00000009
0.00000000	0.00000000	0.00000013
0.00000000	0.00000000	0.00000018
0.00000000	0.00000000	0.00000024
0.00000000	0.00000000	0.00000032
0.00000000	0.00000000	0.00000044
0.00000000	0.00000000	0.00000060
0.00000000	0.00000000	0.00000081
0.00000000	0.00000000	0.00000111
0.00000000	0.00000000	0.00000151
0.00000000	0.00000000	0.00000205
0.00000000	0.00000000	0.00000279
0.00000000	0.00000000	0.00000379
0.00000000	0.00000000	0.00000515
0.00000000	0.00000000	0.00000701
0.00000000	0.00000000	0.00000953
0.00000000	0.00000000	0.00001296
0.00000000	0.00000000	0.00001762
0.00000000	0.00000000	0.00002396
0.00000000	0.00000000	0.00003258
0.00000000	0.00000000	0.00004431
0.00000000	0.00000000	0.00006026
0.00000000	0.00000000	0.00008195
0.00000000	0.00000000	0.00011144
0.00000000	0.00000000	0.00015155
0.00000000	0.00000000	0.00020609
0.00000000	0.00000000	0.00028027
0.00000000	0.00000000	0.00038113
0.00000000	0.00000000	0.00051829
0.00000000	0.00000000	0.00070479
0.00000000	0.00000000	0.00095840
0.00000000	0.00000000	0.00130323
0.00000000	0.00000000	0.00177208
0.00000000	0.00000000	0.00240949
0.00000000	0.00000000	0.00327600
0.00000000	0.00000000	0.00445377
0.00000000	0.00000000	0.00605433
0.00000000	0.00000000	0.00822890
0.00000000	0.00000000	0.01118233
0.00000000	0.00000000	0.01519175
0.00000000	0.00000000	0.02063131
0.00000000	0.00000000	0.02800487
0.00000000	0.00000000	0.03798856
0.00000000	0.00000000	0.05148528
0.00000000	0.00000000	0.06969281
0.00000000	0.00000000	0.09418577
0.00000000	0.00000000	0.12700841
0.00000000	0.00000000	0.17076925
0.00000000	0.00000000	0.22871750
0.00000000	0.00000000	0.30476469
0.00000000	0.00000000	0.40339249
0.00000000	0.00000000	0.52936573
0.00000000	0.00000000	0.68716232
0.00000000	0.00000000	0.88006846
0.00000000	0.00000000	1.10900028
0.00000000	0.00000000	1.37130906
0.00000000	0.00000000	1.66003533
0.00000000	0.00000000	1.96413013
0.00000000	0.00000000	2.26989307
0.00000000	0.00000000	2.56332399
0.00000000	0.00000000	2.83258347
0.00000000	0.00000000	3.06969371
0.00000000	0.00000000	3.27103882
0.00000000	0.00000000	3.43680211
0.00000000	0.00000000	3.56982850
0.00000000	0.00000000	3.67441095
0.00000000	0.00000000	3.75531030
0.00000000	0.00000000	3.81710905
0.00000000	0.00000000	3.86386573
0.00000000	0.00000000	3.89898525
0.00000000	0.00000000	3.92522008
0.00000000	0.00000000	3.94473795
0.00000000	0.00000000	3.95921452
0.00000000	0.00000000	3.96992768
0.00000000	0.00000000	3.97784255
0.00000000	0.00000000	3.98368284
0.00000000	0.00000000	4.00000000
0.05000000	0.00000000	0.00000000
0.05000000	0.00000000	0.00000000
0.05000000	0.00000000	0.00000000
0.05000000	0.00000000	0.00000000
0.05000000	0.00000000	0.00000000
0.05000000	0.00000000	0.00000000
0.05000000	0.00000000	0.00000000
0.05000000	0.00000000	0.00000000
0.05000000	0.00000000	0.00000000
0.05000000	0.00000000	0.00000000
0.05000000	0.00000000	0.00000000
0.05000000	0.00000000	0.00000001
0.05000000	0.00000000	0.00000001
0.05000000	0.00000000	0.00000001
0.05000000	0.00000000	0.00000001
0.05000000	0.00000000	0.00000002
0.05000000	0.00000000	0.00000003
0.05000000	0.00000000	0.00000004
0.05000000	0.00000000	0.00000005
0.05000000	0.00000000	0.00000007
0.05000000	0.00000000	0.00000009
0.05000000	0.00000000	0.00000013
0.05000000	0.00000000	0.00000018
0.05000000	0.00000000	0.00000024
0.05000000	0.00000000	0.00000032
0.05000000	0.00000000	0.00000044
0.05000000	0.00000000	0.00000060
0.05000000	0.00000000	0.00000081
0.05000000	0.00000000	0.00000111
0.05000000	0.00000000	0.00000151
0.05000000	0.00000000	0.00000205
0.05000000	0.00000000	0.00000279
0.05000000	0.00000000	0.00000379
0.05000000	0.00000000	0.00000515
0.05000000	0.00000000	0.00000701
0.05000000	0.00000000	0.00000953
0.05000000	0.00000000	0.00001296
0.05000000	0.00000000	0.00001762
0.05000000	0.00000000	0.00002396
0.05000000	0.00000000	0.00003258
0.05000000	0.00000000	0.00004431
0.05000000	0.00000000	0.00006026
0.05000000	0.00000000	0.00008195
0.05000000	0.00000000	0.00011144
0.05000000	0.00000000	0.00015155
0.05000000	0.00000000	0.00020609
0.05000000	0.00000000	0.00028027
0.05000000	0.00000000	0.00038113
0.05000000	0.00000001	0.00051829
0.05000000	0.00000002	0.00070479
0.05000000	0.00000004	0.00095840
0.05000000	0.00000011	0.00130323
0.05000000	0.00000028	0.00177208
0.05000000	0.00000072	0.00240949
0.05000000	0.00000189	0.00327600
0.05000000	0.00000503	0.00445377
0.05000000	0.00001339	0.00605433
0.05000000	0.00003566	0.00822890
0.05000000	0.00009436	0.01118233
0.05000000	0.00024640	0.01519175
0.05000000	0.00063024	0.02063131
0.05000000	0.00156528	0.02800487
0.05000000	0.00373697	0.03798856
0.05000000	0.00847806	0.05148528
0.05000000	0.01803949	0.06969281
0.05000000	0.03546620	0.09418577
0.05000000	0.06334273	0.12700841
0.05000000	0.10081187	0.17076925
0.05000000	0.13989286	0.22871750
0.05000000	0.16513911	0.30476469
0.05000000	0.16128614	0.40339249
0.05000000	0.12630466	0.52936573
0.05000000	0.07655629	0.68716232
0.05000000	0.03451665	0.88006846
0.05000000	0.01107063	1.10900028
0.05000000	0.00240236	1.37130906
0.05000000	0.00033342	1.66003533
0.05000000	0.00002779	1.96413013
0.05000000	0.00000130	2.26989307
0.05000000	0.00000003	2.56332399
0.05000000	0.00000000	2.83258347
0.05000000	0.00000000	3.06969371
0.05000000	0.00000000	3.27103882
0.05000000	0.00000000	3.43680211
0.05000000	0.00000000	3.56982850
0.05000000	0.00000000	3.67441095
0.05000000	0.00000000	3.75531030
0.05000000	0.00000000	3.81710905
0.05000000	0.00000000	3.86386573
0.05000000	0.00000000	3.89898525
0.05000000	0.00000000	3.92522008
0.05000000	0.00000000	3.94473795
0.05000000	0.00000000	3.95921452
0.05000000	0.00000000	3.96992768
0.05000000	0.00000000	3.97784255
0.05000000	0.00000000	3.98368284
0.05000000	0.00000000	4.00000000
0.05000000	0.00007212	0.00000000
0.05000000	0.00007216	0.00000000
0.05000000	0.00007220	0.00000000
0.05000000	0.00007225	0.00000000
0.05000000	0.00007230	0.00000000
0.05000000	0.00007236	0.00000000
0.05000000	0.00007242	0.00000000
0.05000000	0.00007249	0.00000000
0.05000000	0.00007257	0.00000000
0.05000000	0.00007266	0.00000000
0.05000000	0.00007275	0.00000000
0.05000000	0.00007286	0.00000001
0.05000000	0.00007298	0.00000001
0.05000000	0.00007311	0.00000001
0.05000000	0.00007326	0.00000001
0.05000000	0.00007342	0.00000002
0.05000000	0.00007360	0.00000003
0.05000000	0.00007380	0.00000004
0.05000000	0.00007402	0.00000005
0.05000000	0.00007426	0.00000007
0.05000000	0.00007453	0.00000009
0.05000000	0.00007484	0.00000013
0.05000000	0.00007517	0.00000018
0.05000000	0.00007554	0.00000024
0.05000000	0.00007595	0.00000032
0.05000000	0.00007641	0.00000044
0.05000000	0.00007691	0.00000060
0.05000000	0.00007748	0.00000081
0.05000000	0.00007810	0.00000111
0.05000000	0.00007880	0.00000151
0.05000000	0.00007957	0.00000205
0.05000000	0.00008043	0.00000279
0.05000000	0.00008138	0.00000379
0.05000000	0.00008244	0.00000515
0.05000000	0.00008363	0.00000701
0.05000000	0.00008494	0.00000953
0.05000000	0.00008641	0.00001296
0.05000000	0.00008804	0.00001762
0.05000000	0.00008987	0.00002396
0.05000000	0.00009190	0.00003258
0.05000000	0.00009418	0.00004431
0.05000000	0.00009672	0.00006026
0.05000000	0.00009957	0.00008195
0.05000000	0.00010276	0.00011144
0.05000000	0.00010634	0.00015155
0.05000000	0.00011035	0.00020609
0.05000000	0.00011487	0.00028027
0.05000000	0.00011995	0.00038113
0.05000000	0.00012569	0.00051829
0.05000000	0.00013217	0.00070479
0.05000000	0.00013950	0.00095840
0.05000000	0.00014781	0.00130323
0.05000000	0.00015726	0.00177208
0.05000000	0.00016801	0.00240949
0.05000000	0.00018029	0.00327600
0.05000000	0.00019434	0.00445377
0.05000000	0.00021046	0.00605433
0.05000000	0.00022901	0.00822890
0.05000000	0.00025042	0.01118233
0.05000000	0.00027521	0.01519175
0.05000000	0.00030401	0.02063131
0.05000000	0.00033757	0.02800487
0.05000000	0.00037683	0.03798856
0.05000000	0.00042290	0.05148528
0.05000000	0.00047718	0.06969281
0.05000000	0.00054136	0.09418577
0.05000000	0.00061750	0.12700841
0.05000000	0.00070816	0.17076925
0.05000000	0.00081644	0.22871750
0.05000000	0.00094614	0.30476469
0.05000000	0.00110184	0.40339249
0.05000000	0.00128897	0.52936573
0.05000000	0.00151388	0.68716232
0.05000000	0.00178357	0.88006846
0.05000000	0.00210514	1.10900028
0.05000000	0.00248435	1.37130906
0.05000000	0.00292243	1.66003533
0.05000000	0.00340978	1.96413013
0.05000000	0.00391357	2.26989307
0.05000000	0.00435523	2.56332399
0.05000000	0.00457472	2.83258347
0.05000000	0.00429503	3.06969371
0.05000000	0.00318153	3.27103882
0.05000000	0.00131699	3.43680211
0.05000000	0.00008007	3.56982850
0.05000000	0.00000000	3.67441095
0.05000000	0.00000000	3.75531030
0.05000000	0.00000000	3.81710905
0.05000000	0.00000000	3.86386573
0.05000000	0.00000000	3.89898525
0.05000000	0.00000000	3.92522008
0.05000000	0.00000000	3.94473795
0.05000000	0.00000000	3.95921452
0.05000000	0.00000000	3.96992768
0.05000000	0.00000000	3.97784255
0.05000000	0.00000000	3.98368284
0.05000000	0.00000000	4.00000000
0.10000000	0.00000000	0.00000000
0.10000000	0.00000000	0.00000000
0.10000000	0.00000000	0.00000000
0.10000000	0.00000000	0.00000000
0.10000000	0.00000000	0.00000000
0.10000000	0.00000000	0.00000000
0.10000000	0.00000000	0.00000000
0.10000000	0.00000000	0.00000000
0.10000000	0.00000000	0.00000000
0.10000000	0.00000000	0.00000000
0.10000000	0.00000000	0.00000000
0.10000000	0.00000000	0.00000001
0.10000000	0.00000000	0.00000001
0.10000000	0.00000000	0.00000001
0.10000000	0.00000000	0.00000001
0.10000000	0.00000000	0.00000002
0.10000000	0.00000000	0.00000003
0.10000000	0.00000000	0.00000004
0.10000000	0.00000000	0.00000005
0.10000000	0.00000000	0.00000007
0.10000000	0.00000000	0.00000009
0.10000000	0.00000000	0.00000013
0.10000000	0.00000000	0.00000018
0.10000000	0.00000000	0.00000024
0.10000000	0.00000000	0.00000032
0.10000000	0.00000000	0.00000044
0.10000000	0.00000000	0.00000060
0.10000000	0.00000000	0.00000081
0.10000000	0.00000000	0.00000111
0.10000000	0.00000000	0.00000151
0.10000000	0.00000000	0.00000205
0.10000000	0.00000000	0.00000279
0.10000000	0.00000000	0.00000379
0.10000000	0.00000000	0.00000515
0.10000000	0.00000000	0.00000701
0.10000000	0.00000000	0.00000953
0.10000000	0.00000000	0.00001296
0.10000000	0.00000000	0.00001762
0.10000000	0.00000000	0.00002396
0.10000000	0.00000000	0.00003258
0.10000000	0.00000000	0.00004431
0.10000000	0.00000000	0.00006026
0.10000000	0.00000000	0.00008195
0.10000000	0.00000000	0.00011144
0.10000000	0.00000000	0.00015155
0.10000000	0.00000000	0.00020609
0.10000000	0.00000000	0.00028027
0.10000000	0.00000000	0.00038113
0.10000000	0.00000001	0.00051829
0.10000000	0.00000002	0.00070479
0.10000000	0.00000004	0.00095840
0.10000000	0.00000010	0.00130323
0.10000000	0.00000026	0.00177208
0.10000000	0.00000068	0.00240949
0.10000000	0.00000179	0.00327600
0.10000000	0.00000476	0.00445377
0.10000000	0.00001269	0.00605433
0.10000000	0.00003379	0.00822890
0.10000000	0.00008939	0.01118233
0.10000000	0.00023343	0.01519175
0.10000000	0.00059707	0.02063131
0.10000000	0.00148289	0.02800487
0.10000000	0.00354028	0.03798856
0.10000000	0.00803185	0.05148528
0.10000000	0.01709005	0.06969281
0.10000000	0.03359956	0.09418577
0.10000000	0.06000890	0.12700841
0.10000000	0.09550598	0.17076925
0.10000000	0.13253008	0.22871750
0.10000000	0.15644758	0.30476469
0.10000000	0.15279740	0.40339249
0.10000000	0.11965705	0.52936573
0.10000000	0.07252702	0.68716232
0.10000000	0.03269999	0.88006846
0.10000000	0.01048796	1.10900028
0.10000000	0.00227592	1.37130906
0.10000000	0.00031588	1.66003533
0.10000000	0.00002633	1.96413013
0.10000000	0.00000123	2.26989307
0.10000000	0.00000003	2.56332399
0.10000000	0.00000000	2.83258347
0.10000000	0.00000000	3.06969371
0.10000000	0.00000000	3.27103882
0.10000000	0.00000000	3.43680211
0.10000000	0.00000000	3.56982850
0.10000000	0.00000000	3.67441095
0.10000000	0.00000000	3.75531030
0.10000000	0.00000000	3.81710905
0.10000000	0.00000000	3.86386573
0.10000000	0.00000000	3.89898525
0.10000000	0.00000000	3.92522008
0.10000000	0.00000000	3.94473795
0.10000000	0.00000000	3.95921452
0.10000000	0.00000000	3.96992768
0.10000000	0.00000000	3.97784255
0.10000000	0.00000000	3.98368284
0.10000000	0.00000000	4.00000000
0.10000000	0.00014424	0.00000000
0.10000000	0.00014431	0.00000000
0.10000000	0.00014440	0.00000000
0.10000000	0.00014449	0.00000000
0.10000000	0.00014460	0.00000000
0.10000000	0.00014471	0.00000000
0.10000000	0.00014484	0.00000000
0.10000000	0.00014498	0.00000000
0.10000000	0.00014514	0.00000000
0.10000000	0.00014531	0.00000000
0.10000000	0.00014551	0.00000000
0.10000000	0.00014572	0.00000001
0.10000000	0.00014596	0.00000001
0.10000000	0.00014622	0.00000001
0.10000000	0.00014651	0.00000001
0.10000000	0.00014684	0.00000002
0.10000000	0.00014720	0.00000003
0.10000000	0.00014759	0.00000004
0.10000000	0.00014804	0.00000005
0.10000000	0.00014853	0.00000007
0.10000000	0.00014907	0.00000009
0.10000000	0.00014967	0.00000013
0.10000000	0.00015034	0.00000018
0.10000000	0.00015108	0.00000024
0.10000000	0.00015190	0.00000032
0.10000000	0.00015282	0.00000044
0.10000000	0.00015383	0.00000060
0.10000000	0.00015495	0.00000081
0.10000000	0.00015621	0.00000111
0.10000000	0.00015759	0.00000151
0.10000000	0.00015914	0.00000205
0.10000000	0.00016085	0.00000279
0.10000000	0.00016276	0.00000379
0.10000000	0.00016489	0.00000515
0.10000000	0.00016725	0.00000701
0.10000000	0.00016988	0.00000953
0.10000000	0.00017282	0.00001296
0.10000000	0.00017609	0.00001762
0.10000000	0.00017973	0.00002396
0.10000000	0.00018381	0.00003258
0.10000000	0.00018836	0.00004431
0.10000000	0.00019344	0.00006026
0.10000000	0.00019914	0.00008195
0.10000000	0.00020552	0.00011144
0.10000000	0.00021267	0.00015155
0.10000000	0.00022070	0.00020609
0.10000000	0.00022974	0.00028027
0.10000000	0.00023991	0.00038113
0.10000000	0.00025138	0.00051829
0.10000000	0.00026434	0.00070479
0.10000000	0.00027900	0.00095840
0.10000000	0.00029562	0.00130323
0.10000000	0.00031451	0.00177208
0.10000000	0.00033603	0.00240949
0.10000000	0.00036058	0.00327600
0.10000000	0.00038868	0.00445377
0.10000000	0.00042092	0.00605433
0.10000000	0.00045803	0.00822890
0.10000000	0.00050085	0.01118233
0.10000000	0.00055043	0.01519175
0.10000000	0.00060802	0.02063131
0.10000000	0.00067514	0.02800487
0.10000000	0.00075365	0.03798856
0.10000000	0.00084580	0.05148528
0.10000000	0.00095436	0.06969281
0.10000000	0.00108271	0.09418577
0.10000000	0.00123500	0.12700841
0.10000000	0.00141632	0.17076925
0.10000000	0.00163289	0.22871750
0.10000000	0.00189229	0.30476469
0.10000000	0.00220367	0.40339249
0.10000000	0.00257794	0.52936573
0.10000000	0.00302775	0.68716232
0.10000000	0.00356714	0.88006846
0.10000000	0.00421029	1.10900028
0.10000000	0.00496869	1.37130906
0.10000000	0.00584485	1.66003533
0.10000000	0.00681955	1.96413013
0.10000000	0.00782713	2.26989307
0.10000000	0.00871046	2.56332399
0.10000000	0.00914944	2.83258347
0.10000000	0.00859006	3.06969371
0.10000000	0.00636306	3.27103882
0.10000000	0.00263397	3.43680211
0.10000000	0.00016013	3.56982850
0.10000000	0.00000000	3.67441095
0.10000000	0.00000000	3.75531030
0.10000000	0.00000000	3.81710905
0.10000000	0.00000000	3.86386573
0.10000000	0.00000000	3.89898525
0.10000000	0.00000000	3.92522008
0.10000000	0.00000000	3.94473795
0.10000000	0.00000000	3.95921452
0.10000000	0.00000000	3.96992768
0.10000000	0.00000000	3.97784255
0.10000000	0.00000000	3.98368284
0.10000000	0.00000000	4.00000000
0.15000000	0.00000000	0.00000000
0.15000000	0.00000000	0.00000000
0.15000000	0.00000000	0.00000000
0.15000000	0.00000000	0.00000000
0.15000000	0.00000000	0.00000000
0.15000000	0.00000000	0.00000000
0.15000000	0.00000000	0.00000000
0.15000000	0.00000000	0.00000000
0.15000000	0.00000000	0.00000000
0.15000000	0.00000000	0.00000000
0.15000000	0.00000000	0.00000000
0.15000000	0.00000000	0.00000001
0.15000000	0.00000000	0.00000001
0.15000000	0.00000000	0.00000001
0.15000000	0.00000000	0.00000001
0.15000000	0.00000000	0.00000002
0.15000000	0.00000000	0.00000003
0.15000000	0.00000000	0.00000004
0.15000000	0.00000000	0.00000005
0.15000000	0.00000000	0.00000007
0.15000000	0.00000000	0.00000009
0.15000000	0.00000000	0.00000013
0.15000000	0.00000000	0.00000018
0.15000000	0.00000000	0.00000024
0.15000000	0.00000000	0.00000032
0.15000000	0.00000000	0.00000044
0.15000000	0.00000000	0.00000060
0.15000000	0.00000000	0.00000081
0.15000000	0.00000000	0.00000111
0.15000000	0.00000000	0.00000151
0.15000000	0.00000000	0.00000205
0.15000000	0.00000000	0.00000279
0.15000000	0.00000000	0.00000379
0.15000000	0.00000000	0.00000515
0.15000000	0.00000000	0.00000701
0.15000000	0.00000000	0.00000953
0.15000000	0.00000000	0.00001296
0.15000000	0.00000000	0.00001762
0.15000000	0.00000000	0.00002396
0.15000000	0.00000000	0.00003258
0.15000000	0.00000000	0.00004431
0.15000000	0.00000000	0.00006026
0.15000000	0.00000000	0.00008195
0.15000000	0.00000000	0.00011144
0.15000000	0.00000000	0.00015155
0.15000000	0.00000000	0.00020609
0.15000000	0.00000000	0.00028027
0.15000000	0.00000000	0.00038113
0.15000000	0.00000001	0.00051829
0.15000000	0.00000002	0.00070479
0.15000000	0.00000004	0.00095840
0.15000000	0.00000010	0.00130323
0.15000000	0.00000025	0.00177208
0.15000000	0.00000064	0.00240949
0.15000000	0.00000169	0.00327600
0.15000000	0.00000450	0.00445377
0.15000000	0.00001198	0.00605433
0.15000000	0.00003191	0.00822890
0.15000000	0.00008442	0.01118233
0.15000000	0.00022046	0.01519175
0.15000000	0.00056390	0.02063131
0.15000000	0.00140051	0.02800487
0.15000000	0.00334360	0.03798856
0.15000000	0.00758564	0.05148528
0.15000000	0.01614060	0.06969281
0.15000000	0.03173292	0.09418577
0.15000000	0.05667507	0.12700841
0.15000000	0.09020009	0.17076925
0.15000000	0.12516730	0.22871750
0.15000000	0.14775604	0.30476469
0.15000000	0.14430865	0.40339249
0.15000000	0.11300943	0.52936573
0.15000000	0.06849774	0.68716232
0.15000000	0.03088332	0.88006846
0.15000000	0.00990530	1.10900028
0.15000000	0.00214948	1.37130906
0.15000000	0.00029833	1.66003533
0.15000000	0.00002486	1.96413013
0.15000000	0.00000116	2.26989307
0.15000000	0.00000003	2.56332399
0.15000000	0.00000000	2.83258347
0.15000000	0.00000000	3.06969371
0.15000000	0.00000000	3.27103882
0.15000000	0.00000000	3.43680211
0.15000000	0.00000000	3.56982850
0.15000000	0.00000000	3.67441095
0.15000000	0.00000000	3.75531030
0.15000000	0.00000000	3.81710905
0.15000000	0.00000000	3.86386573
0.15000000	0.00000000	3.89898525
0.15000000	0.00000000	3.92522008
0.15000000	0.00000000	3.94473795
0.15000000	0.00000000	3.95921452
0.15000000	0.00000000	3.96992768
0.15000000	0.00000000	3.97784255
0.15000000	0.00000000	3.98368284
0.15000000	0.00000000	4.00000000
0.15000000	0.00021635	0.00000000
0.15000000	0.00021647	0.00000000
0.15000000	0.00021660	0.00000000
0.15000000	0.00021674	0.00000000
0.15000000	0.00021689	0.00000000
0.15000000	0.00021707	0.00000000
0.15000000	0.00021726	0.00000000
0.15000000	0.00021747	0.00000000
0.15000000	0.00021771	0.00000000
0.15000000	0.00021797	0.00000000
0.15000000	0.00021826	0.00000000
0.15000000	0.00021858	0.00000001
0.15000000	0.00021894	0.00000001
0.15000000	0.00021933	0.00000001
0.15000000	0.00021977	0.00000001
0.15000000	0.00022026	0.00000002
0.15000000	0.00022080	0.00000003
0.15000000	0.00022139	0.00000004
0.15000000	0.00022205	0.00000005
0.15000000	0.00022279	0.00000007
0.15000000	0.00022360	0.00000009
0.15000000	0.00022451	0.00000013
0.15000000	0.00022551	0.00000018
0.15000000	0.00022662	0.00000024
0.15000000	0.00022785	0.00000032
0.15000000	0.00022922	0.00000044
0.15000000	0.00023074	0.00000060
0.15000000	0.00023243	0.00000081
0.15000000	0.00023431	0.00000111
0.15000000	0.00023639	0.00000151
0.15000000	0.00023871	0.00000205
0.15000000	0.00024128	0.00000279
0.15000000	0.00024415	0.00000379
0.15000000	0.00024733	0.00000515
0.15000000	0.00025088	0.00000701
0.15000000	0.00025483	0.00000953
0.15000000	0.00025923	0.00001296
0.15000000	0.00026413	0.00001762
0.15000000	0.00026960	0.00002396
0.15000000	0.00027571	0.00003258
0.15000000	0.00028254	0.00004431
0.15000000	0.00029017	0.00006026
0.15000000	0.00029871	0.00008195
0.15000000	0.00030827	0.00011144
0.15000000	0.00031901	0.00015155
0.15000000	0.00033106	0.00020609
0.15000000	0.00034461	0.00028027
0.15000000	0.00035986	0.00038113
0.15000000	0.00037707	0.00051829
0.15000000	0.00039650	0.00070479
0.15000000	0.00041850	0.00095840
0.15000000	0.00044344	0.00130323
0.15000000	0.00047177	0.00177208
0.15000000	0.00050404	0.00240949
0.15000000	0.00054087	0.00327600
0.15000000	0.00058302	0.00445377
0.15000000	0.00063138	0.00605433
0.15000000	0.00068704	0.00822890
0.15000000	0.00075127	0.01118233
0.15000000	0.00082564	0.01519175
0.15000000	0.00091203	0.02063131
0.15000000	0.00101271	0.02800487
0.15000000	0.00113048	0.03798856
0.15000000	0.00126870	0.05148528
0.15000000	0.00143154	0.06969281
0.15000000	0.00162407	0.09418577
0.15000000	0.00185250	0.12700841
0.15000000	0.00212448	0.17076925
0.15000000	0.00244933	0.22871750
0.15000000	0.00283843	0.30476469
0.15000000	0.00330551	0.40339249
0.15000000	0.00386691	0.52936573
0.15000000	0.00454163	0.68716232
0.15000000	0.00535070	0.88006846
0.15000000	0.00631543	1.10900028
0.15000000	0.00745304	1.37130906
0.15000000	0.00876728	1.66003533
0.15000000	0.01022933	1.96413013
0.15000000	0.01174070	2.26989307
0.15000000	0.01306569	2.56332399
0.15000000	0.01372417	2.83258347
0.15000000	0.01288510	3.06969371
0.15000000	0.00954459	3.27103882
0.15000000	0.00395096	3.43680211
0.15000000	0.00024020	3.56982850
0.15000000	0.00000000	3.67441095
0.15000000	0.00000000	3.75531030
0.15000000	0.00000000	3.81710905
0.15000000	0.00000000	3.86386573
0.15000000	0.00000000	3.89898525
0.15000000	0.00000000	3.92522008
0.15000000	0.00000000	3.94473795
0.15000000	0.00000000	3.95921452
0.15000000	0.00000000	3.96992768
0.15000000	0.00000000	3.97784255
0.15000000	0.00000000	3.98368284
0.15000000	0.00000000	4.00000000
0.20000000	0.00000000	0.00000000
0.20000000	0.00000000	0.00000000
0.20000000	0.00000000	0.00000000
0.20000000	0.00000000	0.00000000
0.20000000	0.00000000	0.00000000
0.20000000	0.00000000	0.00000000
0.20000000	0.00000000	0.00000000
0.20000000	0.00000000	0.00000000
0.20000000	0.00000000	0.00000000
0.20000000	0.00000000	0.00000000
0.20000000	0.00000000	0.00000000
0.20000000	0.00000000	0.00000001
0.20000000	0.00000000	0.00000001
0.20000000	0.00000000	0.00000001
0.20000000	0.00000000	0.00000001
0.20000000	0.00000000	0.00000002
0.20000000	0.00000000	0.00000003
0.20000000	0.00000000	0.00000004
0.20000000	0.00000000	0.00000005
0.20000000	0.00000000	0.00000007
0.20000000	0.00000000	0.00000009
0.20000000	0.00000000	0.00000013
0.20000000	0.00000000	0.00000018
0.20000000	0.00000000	0.00000024
0.20000000	0.00000000	0.00000032
0.20000000	0.00000000	0.00000044
0.20000000	0.00000000	0.00000060
0.20000000	0.00000000	0.00000081
0.20000000	0.00000000	0.00000111
0.20000000	0.00000000	0.00000151
0.20000000	0.00000000	0.00000205
0.20000000	0.00000000	0.00000279
0.20000000	0.00000000	0.00000379
0.20000000	0.00000000	0.00000515
0.20000000	0.00000000	0.00000701
0.20000000	0.00000000	0.00000953
0.20000000	0.00000000	0.00001296
0.20000000	0.00000000	0.00001762
0.20000000	0.00000000	0.00002396
0.20000000	0.00000000	0.00003258
0.20000000	0.00000000	0.00004431
0.20000000	0.00000000	0.00006026
0.20000000	0.00000000	0.00008195
0.20000000	0.00000000	0.00011144
0.20000000	0.00000000	0.00015155
0.20000000	0.00000000	0.00020609
0.20000000	0.00000000	0.00028027
0.20000000	0.00000000	0.00038113
0.20000000	0.00000001	0.00051829
0.20000000	0.00000001	0.00070479
0.20000000	0.00000004	0.00095840
0.20000000	0.00000009	0.00130323
0.20000000	0.00000023	0.00177208
0.20000000	0.00000061	0.00240949
0.20000000	0.00000159	0.00327600
0.20000000	0.00000423	0.00445377
0.20000000	0.00001128	0.00605433
0.20000000	0.00003003	0.00822890
0.20000000	0.00007946	0.01118233
0.20000000	0.00020749	0.01519175
0.20000000	0.00053073	0.02063131
0.20000000	0.00131813	0.02800487
0.20000000	0.00314692	0.03798856
0.20000000	0.00713942	0.05148528
0.20000000	0.01519115	0.06969281
0.20000000	0.02986628	0.09418577
0.20000000	0.05334125	0.12700841
0.20000000	0.08489421	0.17076925
0.20000000	0.11780452	0.22871750
0.20000000	0.13906451	0.30476469
0.20000000	0.13581991	0.40339249
0.20000000	0.10636182	0.52936573
0.20000000	0.06446846	0.68716232
0.20000000	0.02906666	0.88006846
0.20000000	0.00932263	1.10900028
0.20000000	0.00202304	1.37130906
0.20000000	0.00028078	1.66003533
0.20000000	0.00002340	1.96413013
0.20000000	0.00000109	2.26989307
0.20000000	0.00000003	2.56332399
0.20000000	0.00000000	2.83258347
0.20000000	0.00000000	3.06969371
0.20000000	0.00000000	3.27103882
0.20000000	0.00000000	3.43680211
0.20000000	0.00000000	3.56982850
0.20000000	0.00000000	3.67441095
0.20000000	0.00000000	3.75531030
0.20000000	0.00000000	3.81710905
0.20000000	0.00000000	3.86386573
0.20000000	0.00000000	3.89898525
0.20000000	0.00000000	3.92522008
0.20000000	0.00000000	3.94473795
0.20000000	0.00000000	3.95921452
0.20000000	0.00000000	3.96992768
0.20000000	0.00000000	3.97784255
0.20000000	0.00000000	3.98368284
0.20000000	0.00000000	4.00000000
0.20000000	0.00028847	0.00000000
0.20000000	0.00028863	0.00000000
0.20000000	0.00028880	0.00000000
0.20000000	0.00028898	0.00000000
0.20000000	0.00028919	0.00000000
0.20000000	0.00028942	0.00000000
0.20000000	0.00028968	0.00000000
0.20000000	0.00028996	0.00000000
0.20000000	0.00029028	0.00000000
0.20000000	0.00029063	0.00000000
0.20000000	0.00029101	0.00000000
0.20000000	0.00029144	0.00000001
0.20000000	0.00029192	0.00000001
0.20000000	0.00029244	0.00000001
0.20000000	0.00029303	0.00000001
0.20000000	0.00029368	0.00000002
0.20000000	0.00029439	0.00000003
0.20000000	0.00029519	0.00000004
0.20000000	0.00029607	0.00000005
0.20000000	0.00029705	0.00000007
0.20000000	0.00029814	0.00000009
0.20000000	0.00029934	0.00000013
0.20000000	0.00030068	0.00000018
0.20000000	0.00030216	0.00000024
0.20000000	0.00030380	0.00000032
0.20000000	0.00030563	0.00000044
0.20000000	0.00030766	0.00000060
0.20000000	0.00030991	0.00000081
0.20000000	0.00031241	0.00000111
0.20000000	0.00031519	0.00000151
0.20000000	0.00031828	0.00000205
0.20000000	0.00032171	0.00000279
0.20000000	0.00032553	0.00000379
0.20000000	0.00032978	0.00000515
0.20000000	0.00033450	0.00000701
0.20000000	0.00033977	0.00000953
0.20000000	0.00034563	0.00001296
0.20000000	0.00035217	0.00001762
0.20000000	0.00035947	0.00002396
0.20000000	0.00036761	0.00003258
0.20000000	0.00037671	0.00004431
0.20000000	0.00038689	0.00006026
0.20000000	0.00039828	0.00008195
0.20000000	0.00041103	0.00011144
0.20000000	0.00042534	0.00015155
0.20000000	0.00044141	0.00020609
0.20000000	0.00045947	0.00028027
0.20000000	0.00047982	0.00038113
0.20000000	0.00050276	0.00051829
0.20000000	0.00052867	0.00070479
0.20000000	0.00055800	0.00095840
0.20000000	0.00059125	0.00130323
0.20000000	0.00062903	0.00177208
0.20000000	0.00067205	0.00240949
0.20000000	0.00072116	0.00327600
0.20000000	0.00077736	0.00445377
0.20000000	0.00084185	0.00605433
0.20000000	0.00091605	0.00822890
0.20000000	0.00100170	0.01118233
0.20000000	0.00110086	0.01519175
0.20000000	0.00121604	0.02063131
0.20000000	0.00135028	0.02800487
0.20000000	0.00150730	0.03798856
0.20000000	0.00169161	0.05148528
0.20000000	0.00190872	0.06969281
0.20000000	0.00216542	0.09418577
0.20000000	0.00247000	0.12700841
0.20000000	0.00283264	0.17076925
0.20000000	0.00326578	0.22871750
0.20000000	0.00378457	0.30476469
0.20000000	0.00440734	0.40339249
0.20000000	0.00515589	0.52936573
0.20000000	0.00605551	0.68716232
0.20000000	0.00713427	0.88006846
0.20000000	0.00842057	1.10900028
0.20000000	0.00993738	1.37130906
0.20000000	0.01168971	1.66003533
0.20000000	0.01363911	1.96413013
0.20000000	0.01565426	2.26989307
0.20000000	0.01742092	2.56332399
0.20000000	0.01829889	2.83258347
0.20000000	0.01718013	3.06969371
0.20000000	0.01272612	3.27103882
0.20000000	0.00526795	3.43680211
0.20000000	0.00032026	3.56982850
0.20000000	0.00000000	3.67441095
0.20000000	0.00000000	3.75531030
0.20000000	0.00000000	3.81710905
0.20000000	0.00000000	3.86386573
0.20000000	0.00000000	3.89898525
0.20000000	0.00000000	3.92522008
0.20000000	0.00000000	3.94473795
0.20000000	0.00000000	3.95921452
0.20000000	0.00000000	3.96992768
0.20000000	0.00000000	3.97784255
0.20000000	0.00000000	3.98368284
0.20000000	0.00000000	4.00000000
0.25000000	0.00000000	0.00000000
0.25000000	0.00000000	0.00000000
0.25000000	0.00000000	0.00000000
0.25000000	0.00000000	0.00000000
0.25000000	0.00000000	0.00000000
0.25000000	0.00000000	0.00000000
0.25000000	0.00000000	0.00000000
0.25000000	0.00000000	0.00000000
0.25000000	0.00000000	0.00000000
0.25000000	0.00000000	0.00000000
0.25000000	0.00000000	0.00000000
0.25000000	0.00000000	0.00000001
0.25000000	0.00000000	0.00000001
0.25000000	0.00000000	0.00000001
0.25000000	0.00000000	0.00000001
0.25000000	0.00000000	0.00000002
0.25000000	0.00000000	0.00000003
0.25000000	0.00000000	0.00000004
0.25000000	0.00000000	0.00000005
0.25000000	0.00000000	0.00000007
0.25000000	0.00000000	0.00000009
0.25000000	0.00000000	0.00000013
0.25000000	0.00000000	0.00000018
0.25000000	0.00000000	0.00000024
0.25000000	0.00000000	0.00000032
0.25000000	0.00000000	0.00000044
0.25000000	0.00000000	0.00000060
0.25000000	0.00000000	0.00000081
0.25000000	0.00000000	0.00000111
0.25000000	0.00000000	0.00000151
0.25000000	0.00000000	0.00000205
0.25000000	0.00000000	0.00000279
0.25000000	0.00000000	0.00000379
0.25000000	0.00000000	0.00000515
0.25000000	0.00000000	0.00000701
0.25000000	0.00000000	0.00000953
0.25000000	0.00000000	0.00001296
0.25000000	0.00000000	0.00001762
0.25000000	0.00000000	0.00002396
0.25000000	0.00000000	0.00003258
0.25000000	0.00000000	0.00004431
0.25000000	0.00000000	0.00006026
0.25000000	0.00000000	0.00008195
0.25000000	0.00000000	0.00011144
0.25000000	0.00000000	0.00015155
0.25000000	0.00000000	0.00020609
0.25000000	0.00000000	0.00028027
0.25000000	0.00000000	0.00038113
0.25000000	0.00000001	0.00051829
0.25000000	0.00000001	0.00070479
0.25000000	0.00000003	0.00095840
0.25000000	0.00000009	0.00130323
0.25000000	0.00000022	0.00177208
0.25000000	0.00000057	0.00240949
0.25000000	0.00000149	0.00327600
0.25000000	0.00000397	0.00445377
0.25000000	0.00001057	0.00605433
0.25000000	0.00002816	0.00822890
0.25000000	0.00007449	0.01118233
0.25000000	0.00019452	0.01519175
0.25000000	0.00049756	0.02063131
0.25000000	0.00123574	0.02800487
0.25000000	0.00295024	0.03798856
0.25000000	0.00669321	0.05148528
0.25000000	0.01424171	0.06969281
0.25000000	0.02799963	0.09418577
0.25000000	0.05000742	0.12700841
0.25000000	0.07958832	0.17076925
0.25000000	0.11044174	0.22871750
0.25000000	0.13037298	0.30476469
0.25000000	0.12733117	0.40339249
0.25000000	0.09971421	0.52936573
0.25000000	0.06043918	0.68716232
0.25000000	0.02724999	0.88006846
0.25000000	0.00873997	1.10900028
0.25000000	0.00189660	1.37130906
0.25000000	0.00026323	1.66003533
0.25000000	0.00002194	1.96413013
0.25000000	0.00000102	2.26989307
0.25000000	0.00000002	2.56332399
0.25000000	0.00000000	2.83258347
0.25000000	0.00000000	3.06969371
0.25000000	0.00000000	3.27103882
0.25000000	0.00000000	3.43680211
0.25000000	0.00000000	3.56982850
0.25000000	0.00000000	3.67441095
0.25000000	0.00000000	3.75531030
0.25000000	0.00000000	3.81710905
0.25000000	0.00000000	3.86386573
0.25000000	0.00000000	3.89898525
0.25000000	0.00000000	3.92522008
0.25000000	0.00000000	3.94473795
0.25000000	0.00000000	3.95921452
0.25000000	0.00000000	3.96992768
0.25000000	0.00000000	3.97784255
0.25000000	0.00000000	3.98368284
0.25000000	0.00000000	4.00000000
0.25000000	0.00036059	0.00000000
0.25000000	0.00036078	0.00000000
0.25000000	0.00036099	0.00000000
0.25000000	0.00036123	0.00000000
0.25000000	0.00036149	0.00000000
0.25000000	0.00036178	0.00000000
0.25000000	0.00036210	0.00000000
0.25000000	0.00036245	0.00000000
0.25000000	0.00036285	0.00000000
0.25000000	0.00036328	0.00000000
0.25000000	0.00036377	0.00000000
0.25000000	0.00036430	0.00000001
0.25000000	0.00036490	0.00000001
0.25000000	0.00036556	0.00000001
0.25000000	0.00036629	0.00000001
0.25000000	0.00036709	0.00000002
0.25000000	0.00036799	0.00000003
0.25000000	0.00036899	0.00000004
0.25000000	0.00037009	0.00000005
0.25000000	0.00037131	0.00000007
0.25000000	0.00037267	0.00000009
0.25000000	0.00037418	0.00000013
0.25000000	0.00037585	0.00000018
0.25000000	0.00037770	0.00000024
0.25000000	0.00037976	0.00000032
0.25000000	0.00038204	0.00000044
0.25000000	0.00038457	0.00000060
0.25000000	0.00038739	0.00000081
0.25000000	0.00039051	0.00000111
0.25000000	0.00039399	0.00000151
0.25000000	0.00039785	0.00000205
0.25000000	0.00040214	0.00000279
0.25000000	0.00040691	0.00000379
0.25000000	0.00041222	0.00000515
0.25000000	0.00041813	0.00000701
0.25000000	0.00042471	0.00000953
0.25000000	0.00043204	0.00001296
0.25000000	0.00044022	0.00001762
0.25000000	0.00044934	0.00002396
0.25000000	0.00045952	0.00003258
0.25000000	0.00047089	0.00004431
0.25000000	0.00048361	0.00006026
0.25000000	0.00049784	0.00008195
0.25000000	0.00051379	0.00011144
0.25000000	0.00053168	0.00015155
0.25000000	0.00055176	0.00020609
0.25000000	0.00057434	0.00028027
0.25000000	0.00059977	0.00038113
0.25000000	0.00062845	0.00051829
0.25000000	0.00066084	0.00070479
0.25000000	0.00069750	0.00095840
0.25000000	0.00073906	0.00130323
0.25000000	0.00078629	0.00177208
0.25000000	0.00084007	0.00240949
0.25000000	0.00090145	0.00327600
0.25000000	0.00097170	0.00445377
0.25000000	0.00105231	0.00605433
0.25000000	0.00114506	0.00822890
0.25000000	0.00125212	0.01118233
0.25000000	0.00137607	0.01519175
0.25000000	0.00152005	0.02063131
0.25000000	0.00168786	0.02800487
0.25000000	0.00188413	0.03798856
0.25000000	0.00211451	0.05148528
0.25000000	0.00238590	0.06969281
0.25000000	0.00270678	0.09418577
0.25000000	0.00308750	0.12700841
0.25000000	0.00354080	0.17076925
0.25000000	0.00408222	0.22871750
0.25000000	0.00473072	0.30476469
0.25000000	0.00550918	0.40339249
0.25000000	0.00644486	0.52936573
0.25000000	0.00756939	0.68716232
0.25000000	0.00891784	0.88006846
0.25000000	0.01052572	1.10900028
0.25000000	0.01242173	1.37130906
0.25000000	0.01461213	1.66003533
0.25000000	0.01704889	1.96413013
0.25000000	0.01956783	2.26989307
0.25000000	0.02177615	2.56332399
0.25000000	0.02287361	2.83258347
0.25000000	0.02147516	3.06969371
0.25000000	0.01590766	3.27103882
0.25000000	0.00658494	3.43680211
0.25000000	0.00040033	3.56982850
0.25000000	0.00000000	3.67441095
0.25000000	0.00000000	3.75531030
0.25000000	0.00000000	3.81710905
0.25000000	0.00000000	3.86386573
0.25000000	0.00000000	3.89898525
0.25000000	0.00000000	3.92522008
0.25000000	0.00000000	3.94473795
0.25000000	0.00000000	3.95921452
0.25000000	0.00000000	3.96992768
0.25000000	0.00000000	3.97784255
0.25000000	0.00000000	3.98368284
0.25000000	0.00000000	4.00000000
0.30000000	0.00000000	0.00000000
0.30000000	0.00000000	0.00000000
0.30000000	0.00000000	0.00000000
0.30000000	0.00000000	0.00000000
0.30000000	0.00000000	0.00000000
0.30000000	0.00000000	0.00000000
0.30000000	0.00000000	0.00000000
0.30000000	0.00000000	0.00000000
0.30000000	0.00000000	0.00000000
0.30000000	0.00000000	0.00000000
0.30000000	0.00000000	0.00000000
0.30000000	0.00000000	0.00000001
0.30000000	0.00000000	0.00000001
0.30000000	0.00000000	0.00000001
0.30000000	0.00000000	0.00000001
0.30000000	0.00000000	0.00000002
0.30000000	0.00000000	0.00000003
0.30000000	0.00000000	0.00000004
0.30000000	0.00000000	0.00000005
0.30000000	0.00000000	0.00000007
0.30000000	0.00000000	0.00000009
0.30000000	0.00000000	0.00000013
0.30000000	0.00000000	0.00000018
0.30000000	0.00000000	0.00000024
0.30000000	0.00000000	0.00000032
0.30000000	0.00000000	0.00000044
0.30000000	0.00000000	0.00000060
0.30000000	0.00000000	0.00000081
0.30000000	0.00000000	0.00000111
0.30000000	0.00000000	0.00000151
0.30000000	0.00000000	0.00000205
0.30000000	0.00000000	0.00000279
0.30000000	0.00000000	0.00000379
0.30000000	0.00000000	0.00000515
0.30000000	0.00000000	0.00000701
0.30000000	0.00000000	0.00000953
0.30000000	0.00000000	0.00001296
0.30000000	0.00000000	0.00001762
0.30000000	0.00000000	0.00002396
0.30000000	0.00000000	0.00003258
0.30000000	0.00000000	0.00004431
0.30000000	0.00000000	0.00006026
0.30000000	0.00000000	0.00008195
0.30000000	0.00000000	0.00011144
0.30000000	0.00000000	0.00015155
0.30000000	0.00000000	0.00020609
0.30000000	0.00000000	0.00028027
0.30000000	0.00000000	0.00038113
0.30000000	0.00000001	0.00051829
0.30000000	0.00000001	0.00070479
0.30000000	0.00000003	0.00095840
0.30000000	0.00000008	0.00130323
0.30000000	0.00000020	0.00177208
0.30000000	0.00000053	0.00240949
0.30000000	0.00000140	0.00327600
0.30000000	0.00000370	0.00445377
0.30000000	0.00000987	0.00605433
0.30000000	0.00002628	0.00822890
0.30000000	0.00006953	0.01118233
0.30000000	0.00018155	0.01519175
0.30000000	0.00046439	0.02063131
0.30000000	0.00115336	0.02800487
0.30000000	0.00275355	0.03798856
0.30000000	0.00624699	0.05148528
0.30000000	0.01329226	0.06969281
0.30000000	0.02613299	0.09418577
0.30000000	0.04667359	0.12700841
0.30000000	0.07428243	0.17076925
0.30000000	0.10307895	0.22871750
0.30000000	0.12168145	0.30476469
0.30000000	0.11884242	0.40339249
0.30000000	0.09306659	0.52936573
0.30000000	0.05640990	0.68716232
0.30000000	0.02543332	0.88006846
0.30000000	0.00815730	1.10900028
0.30000000	0.00177016	1.37130906
0.30000000	0.00024568	1.66003533
0.30000000	0.00002048	1.96413013
0.30000000	0.00000095	2.26989307
0.30000000	0.00000002	2.56332399
0.30000000	0.00000000	2.83258347
0.30000000	0.00000000	3.06969371
0.30000000	0.00000000	3.27103882
0.30000000	0.00000000	3.43680211
0.30000000	0.00000000	3.56982850
0.30000000	0.00000000	3.67441095
0.30000000	0.00000000	3.75531030
0.30000000	0.00000000	3.81710905
0.30000000	0.00000000	3.86386573
0.30000000	0.00000000	3.89898525
0.30000000	0.00000000	3.92522008
0.30000000	0.00000000	3.94473795
0.30000000	0.00000000	3.95921452
0.30000000	0.00000000	3.96992768
0.30000000	0.00000000	3.97784255
0.30000000	0.00000000	3.98368284
0.30000000	0.00000000	4.00000000
0.30000000	0.00043271	0.00000000
0.30000000	0.00043294	0.00000000
0.30000000	0.00043319	0.00000000
0.30000000	0.00043348	0.00000000
0.30000000	0.00043379	0.00000000
0.30000000	0.00043414	0.00000000
0.30000000	0.00043452	0.00000000
0.30000000	0.00043495	0.00000000
0.30000000	0.00043542	0.00000000
0.30000000	0.00043594	0.00000000
0.30000000	0.00043652	0.00000000
0.30000000	0.00043716	0.00000001
0.30000000	0.00043788	0.00000001
0.30000000	0.00043867	0.00000001
0.30000000	0.00043954	0.00000001
0.30000000	0.00044051	0.00000002
0.30000000	0.00044159	0.00000003
0.30000000	0.00044278	0.00000004
0.30000000	0.00044411	0.00000005
0.30000000	0.00044558	0.00000007
0.30000000	0.00044720	0.00000009
0.30000000	0.00044901	0.00000013
0.30000000	0.00045101	0.00000018
0.30000000	0.00045324	0.00000024
0.30000000	0.00045571	0.00000032
0.30000000	0.00045845	0.00000044
0.30000000	0.00046149	0.00000060
0.30000000	0.00046486	0.00000081
0.30000000	0.00046862	0.00000111
0.30000000	0.00047278	0.00000151
0.30000000	0.00047742	0.00000205
0.30000000	0.00048256	0.00000279
0.30000000	0.00048829	0.00000379
0.30000000	0.00049466	0.00000515
0.30000000	0.00050175	0.00000701
0.30000000	0.00050965	0.00000953
0.30000000	0.00051845	0.00001296
0.30000000	0.00052826	0.00001762
0.30000000	0.00053920	0.00002396
0.30000000	0.00055142	0.00003258
0.30000000	0.00056507	0.00004431
0.30000000	0.00058033	0.00006026
0.30000000	0.00059741	0.00008195
0.30000000	0.00061655	0.00011144
0.30000000	0.00063801	0.00015155
0.30000000	0.00066211	0.00020609
0.30000000	0.00068921	0.00028027
0.30000000	0.00071973	0.00038113
0.30000000	0.00075414	0.00051829
0.30000000	0.00079301	0.00070479
0.30000000	0.00083700	0.00095840
0.30000000	0.00088687	0.00130323
0.30000000	0.00094354	0.00177208
0.30000000	0.00100808	0.00240949
0.30000000	0.00108174	0.00327600
0.30000000	0.00116604	0.00445377
0.30000000	0.00126277	0.00605433
0.30000000	0.00137408	0.00822890
0.30000000	0.00150254	0.01118233
0.30000000	0.00165128	0.01519175
0.30000000	0.00182406	0.02063131
0.30000000	0.00202543	0.02800487
0.30000000	0.00226095	0.03798856
0.30000000	0.00253741	0.05148528
0.30000000	0.00286308	0.06969281
0.30000000	0.00324813	0.09418577
0.30000000	0.00370501	0.12700841
0.30000000	0.00424896	0.17076925
0.30000000	0.00489866	0.22871750
0.30000000	0.00567686	0.30476469
0.30000000	0.00661101	0.40339249
0.30000000	0.00773383	0.52936573
0.30000000	0.00908326	0.68716232
0.30000000	0.01070141	0.88006846
0.30000000	0.01263086	1.10900028
0.30000000	0.01490608	1.37130906
0.30000000	0.01753456	1.66003533
0.30000000	0.02045866	1.96413013
0.30000000	0.02348139	2.26989307
0.30000000	0.02613138	2.56332399
0.30000000	0.02744833	2.83258347
0.30000000	0.02577019	3.06969371
0.30000000	0.01908919	3.27103882
0.30000000	0.00790192	3.43680211
0.30000000	0.00048039	3.56982850
0.30000000	0.00000000	3.67441095
0.30000000	0.00000000	3.75531030
0.30000000	0.00000000	3.81710905
0.30000000	0.00000000	3.86386573
0.30000000	0.00000000	3.89898525
0.30000000	0.00000000	3.92522008
0.30000000	0.00000000	3.94473795
0.30000000	0.00000000	3.95921452
0.30000000	0.00000000	3.96992768
0.30000000	0.00000000	3.97784255
0.30000000	0.00000000	3.98368284
0.30000000	0.00000000	4.00000000
0.35000000	0.00000000	0.00000000
0.35000000	0.00000000	0.00000000
0.35000000	0.00000000	0.00000000
0.35000000	0.00000000	0.00000000
0.35000000	0.00000000	0.00000000
0.35000000	0.00000000	0.00000000
0.35000000	0.00000000	0.00000000
0.35000000	0.00000000	0.00000000
0.35000000	0.00000000	0.00000000
0.35000000	0.00000000	0.00000000
0.35000000	0.00000000	0.00000000
0.35000000	0.00000000	0.00000001
0.35000000	0.00000000	0.00000001
0.35000000	0.00000000	0.00000001
0.35000000	0.00000000	0.00000001
0.35000000	0.00000000	0.00000002
0.35000000	0.00000000	0.00000003
0.35000000	0.00000000	0.00000004
0.35000000	0.00000000	0.00000005
0.35000000	0.00000000	0.00000007
0.35000000	0.00000000	0.00000009
0.35000000	0.00000000	0.00000013
0.35000000	0.00000000	0.00000018
0.35000000	0.00000000	0.00000024
0.35000000	0.00000000	0.00000032
0.35000000	0.00000000	0.00000044
0.35000000	0.00000000	0.00000060
0.35000000	0.00000000	0.00000081
0.35000000	0.00000000	0.00000111
0.35000000	0.00000000	0.00000151
0.35000000	0.00000000	0.00000205
0.35000000	0.00000000	0.00000279
0.35000000	0.00000000	0.00000379
0.35000000	0.00000000	0.00000515
0.35000000	0.00000000	0.00000701
0.35000000	0.00000000	0.00000953
0.35000000	0.00000000	0.00001296
0.35000000	0.00000000	0.00001762
0.35000000	0.00000000	0.00002396
0.35000000	0.00000000	0.00003258
0.35000000	0.00000000	0.00004431
0.35000000	0.00000000	0.00006026
0.35000000	0.00000000	0.00008195
0.35000000	0.00000000	0.00011144
0.35000000	0.00000000	0.00015155
0.35000000	0.00000000	0.00020609
0.35000000	0.00000000	0.00028027
0.35000000	0.00000000	0.00038113
0.35000000	0.00000000	0.00051829
0.35000000	0.00000001	0.00070479
0.35000000	0.00000003	0.00095840
0.35000000	0.00000007	0.00130323
0.35000000	0.00000019	0.00177208
0.35000000	0.00000049	0.00240949
0.35000000	0.00000130	0.00327600
0.35000000	0.00000344	0.00445377
0.35000000	0.00000916	0.00605433
0.35000000	0.00002440	0.00822890
0.35000000	0.00006456	0.01118233
0.35000000	0.00016859	0.01519175
0.35000000	0.00043122	0.02063131
0.35000000	0.00107098	0.02800487
0.35000000	0.00255687	0.03798856
0.35000000	0.00580078	0.05148528
0.35000000	0.01234281	0.06969281
0.35000000	0.02426635	0.09418577
0.35000000	0.04333976	0.12700841
0.35000000	0.06897654	0.17076925
0.35000000	0.09571617	0.22871750
0.35000000	0.11298992	0.30476469
0.35000000	0.11035368	0.40339249
0.35000000	0.08641898	0.52936573
0.35000000	0.05238062	0.68716232
0.35000000	0.02361666	0.88006846
0.35000000	0.00757464	1.10900028
0.35000000	0.00164372	1.37130906
0.35000000	0.00022813	1.66003533
0.35000000	0.00001901	1.96413013
0.35000000	0.00000089	2.26989307
0.35000000	0.00000002	2.56332399
0.35000000	0.00000000	2.83258347
0.35000000	0.00000000	3.06969371
0.35000000	0.00000000	3.27103882
0.35000000	0.00000000	3.43680211
0.35000000	0.00000000	3.56982850
0.35000000	0.00000000	3.67441095
0.35000000	0.00000000	3.75531030
0.35000000	0.00000000	3.81710905
0.35000000	0.00000000	3.86386573
0.35000000	0.00000000	3.89898525
0.35000000	0.00000000	3.92522008
0.35000000	0.00000000	3.94473795
0.35000000	0.00000000	3.95921452
0.35000000	0.00000000	3.96992768
0.35000000	0.00000000	3.97784255
0.35000000	0.00000000	3.98368284
0.35000000	0.00000000	4.00000000
0.35000000	0.00050483	0.00000000
0.35000000	0.00050509	0.00000000
0.35000000	0.00050539	0.00000000
0.35000000	0.00050572	0.00000000
0.35000000	0.00050609	0.00000000
0.35000000	0.00050649	0.00000000
0.35000000	0.00050694	0.00000000
0.35000000	0.00050744	0.00000000
0.35000000	0.00050799	0.00000000
0.35000000	0.00050860	0.00000000
0.35000000	0.00050927	0.00000000
0.35000000	0.00051002	0.00000001
0.35000000	0.00051086	0.00000001
0.35000000	0.00051178	0.00000001
0.35000000	0.00051280	0.00000001
0.35000000	0.00051393	0.00000002
0.35000000	0.00051519	0.00000003
0.35000000	0.00051658	0.00000004
0.35000000	0.00051813	0.00000005
0.35000000	0.00051984	0.00000007
0.35000000	0.00052174	0.00000009
0.35000000	0.00052385	0.00000013
0.35000000	0.00052618	0.00000018
0.35000000	0.00052878	0.00000024
0.35000000	0.00053166	0.00000032
0.35000000	0.00053485	0.00000044
0.35000000	0.00053840	0.00000060
0.35000000	0.00054234	0.00000081
0.35000000	0.00054672	0.00000111
0.35000000	0.00055158	0.00000151
0.35000000	0.00055698	0.00000205
0.35000000	0.00056299	0.00000279
0.35000000	0.00056967	0.00000379
0.35000000	0.00057711	0.00000515
0.35000000	0.00058538	0.00000701
0.35000000	0.00059459	0.00000953
0.35000000	0.00060486	0.00001296
0.35000000	0.00061630	0.00001762
0.35000000	0.00062907	0.00002396
0.35000000	0.00064333	0.00003258
0.35000000	0.00065925	0.00004431
0.35000000	0.00067705	0.00006026
0.35000000	0.00069698	0.00008195
0.35000000	0.00071931	0.00011144
0.35000000	0.00074435	0.00015155
0.35000000	0.00077247	0.00020609
0.35000000	0.00080408	0.00028027
0.35000000	0.00083968	0.00038113
0.35000000	0.00087983	0.00051829
0.35000000	0.00092518	0.00070479
0.35000000	0.00097650	0.00095840
0.35000000	0.00103469	0.00130323
0.35000000	0.00110080	0.00177208
0.35000000	0.00117609	0.00240949
0.35000000	0.00126203	0.00327600
0.35000000	0.00136038	0.00445377
0.35000000	0.00147323	0.00605433
0.35000000	0.00160309	0.00822890
0.35000000	0.00175297	0.01118233
0.35000000	0.00192650	0.01519175
0.35000000	0.00212806	0.02063131
0.35000000	0.00236300	0.02800487
0.35000000	0.00263778	0.03798856
0.35000000	0.00296031	0.05148528
0.35000000	0.00334027	0.06969281
0.35000000	0.00378949	0.09418577
0.35000000	0.00432251	0.12700841
0.35000000	0.00495712	0.17076925
0.35000000	0.00571511	0.22871750
0.35000000	0.00662300	0.30476469
0.35000000	0.00771285	0.40339249
0.35000000	0.00902280	0.52936573
0.35000000	0.01059714	0.68716232
0.35000000	0.01248497	0.88006846
0.35000000	0.01473600	1.10900028
0.35000000	0.01739042	1.37130906
0.35000000	0.02045699	1.66003533
0.35000000	0.02386844	1.96413013
0.35000000	0.02739496	2.26989307
0.35000000	0.03048661	2.56332399
0.35000000	0.03202305	2.83258347
0.35000000	0.03006522	3.06969371
0.35000000	0.02227072	3.27103882
0.35000000	0.00921891	3.43680211
0.35000000	0.00056046	3.56982850
0.35000000	0.00000000	3.67441095
0.35000000	0.00000000	3.75531030
0.35000000	0.00000000	3.81710905
0.35000000	0.00000000	3.86386573
0.35000000	0.00000000	3.89898525
0.35000000	0.00000000	3.92522008
0.35000000	0.00000000	3.94473795
0.35000000	0.00000000	3.95921452
0.35000000	0.00000000	3.96992768
0.35000000	0.00000000	3.97784255
0.35000000	0.00000000	3.98368284
0.35000000	0.00000000	4.00000000
0.40000000	0.00000000	0.00000000
0.40000000	0.00000000	0.00000000
0.40000000	0.00000000	0.00000000
0.40000000	0.00000000	0.00000000
0.40000000	0.00000000	0.00000000
0.40000000	0.00000000	0.00000000
0.40000000	0.00000000	0.00000000
0.40000000	0.00000000	0.00000000
0.40000000	0.00000000	0.00000000
0.40000000	0.00000000	0.00000000
0.40000000	0.00000000	0.00000000
0.40000000	0.00000000	0.00000001
0.40000000	0.00000000	0.00000001
0.40000000	0.00000000	0.00000001
0.40000000	0.00000000	0.00000001
0.40000000	0.00000000	0.00000002
0.40000000	0.00000000	0.00000003
0.40000000	0.00000000	0.00000004
0.40000000	0.00000000	0.00000005
0.40000000	0.00000000	0.00000007
0.40000000	0.00000000	0.00000009
0.40000000	0.00000000	0.00000013
0.40000000	0.00000000	0.00000018
0.40000000	0.00000000	0.00000024
0.40000000	0.00000000	0.00000032
0.40000000	0.00000000	0.00000044
0.40000000	0.00000000	0.00000060
0.40000000	0.00000000	0.00000081
0.40000000	0.00000000	0.00000111
0.40000000	0.00000000	0.00000151
0.40000000	0.00000000	0.00000205
0.40000000	0.00000000	0.00000279
0.40000000	0.00000000	0.00000379
0.40000000	0.00000000	0.00000515
0.40000000	0.00000000	0.00000701
0.40000000	0.00000000	0.00000953
0.40000000	0.00000000	0.00001296
0.40000000	0.00000000	0.00001762
0.40000000	0.00000000	0.00002396
0.40000000	0.00000000	0.00003258
0.40000000	0.00000000	0.00004431
0.40000000	0.00000000	0.00006026
0.40000000	0.00000000	0.00008195
0.40000000	0.00000000	0.00011144
0.40000000	0.00000000	0.00015155
0.40000000	0.00000000	0.00020609
0.40000000	0.00000000	0.00028027
0.40000000	0.00000000	0.00038113
0.40000000	0.00000000	0.00051829
0.40000000	0.00000001	0.00070479
0.40000000	0.00000003	0.00095840
0.40000000	0.00000007	0.00130323
0.40000000	0.00000017	0.00177208
0.40000000	0.00000045	0.00240949
0.40000000	0.00000120	0.00327600
0.40000000	0.00000317	0.00445377
0.40000000	0.00000846	0.00605433
0.40000000	0.00002253	0.00822890
0.40000000	0.00005959	0.01118233
0.40000000	0.00015562	0.01519175
0.40000000	0.00039805	0.02063131
0.40000000	0.00098860	0.02800487
0.40000000	0.00236019	0.03798856
0.40000000	0.00535457	0.05148528
0.40000000	0.01139336	0.06969281
0.40000000	0.02239971	0.09418577
0.40000000	0.04000593	0.12700841
0.40000000	0.06367065	0.17076925
0.40000000	0.08835339	0.22871750
0.40000000	0.10429838	0.30476469
0.40000000	0.10186493	0.40339249
0.40000000	0.07977136	0.52936573
0.40000000	0.04835134	0.68716232
0.40000000	0.02179999	0.88006846
0.40000000	0.00699197	1.10900028
0.40000000	0.00151728	1.37130906
0.40000000	0.00021058	1.66003533
0.40000000	0.00001755	1.96413013
0.40000000	0.00000082	2.26989307
0.40000000	0.00000002	2.56332399
0.40000000	0.00000000	2.83258347
0.40000000	0.00000000	3.06969371
0.40000000	0.00000000	3.27103882
0.40000000	0.00000000	3.43680211
0.40000000	0.00000000	3.56982850
0.40000000	0.00000000	3.67441095
0.40000000	0.00000000	3.75531030
0.40000000	0.00000000	3.81710905
0.40000000	0.00000000	3.86386573
0.40000000	0.00000000	3.89898525
0.40000000	0.00000000	3.92522008
0.40000000	0.00000000	3.94473795
0.40000000	0.00000000	3.95921452
0.40000000	0.00000000	3.96992768
0.40000000	0.00000000	3.97784255
0.40000000	0.00000000	3.98368284
0.40000000	0.00000000	4.00000000
0.40000000	0.00057694	0.00000000
0.40000000	0.00057725	0.00000000
0.40000000	0.00057759	0.00000000
0.40000000	0.00057797	0.00000000
0.40000000	0.00057838	0.00000000
0.40000000	0.00057885	0.00000000
0.40000000	0.00057936	0.00000000
0.40000000	0.00057993	0.00000000
0.40000000	0.00058056	0.00000000
0.40000000	0.00058125	0.00000000
0.40000000	0.00058203	0.00000000
0.40000000	0.00058289	0.00000001
0.40000000	0.00058384	0.00000001
0.40000000	0.00058489	0.00000001
0.40000000	0.00058606	0.00000001
0.40000000	0.00058735	0.00000002
0.40000000	0.00058879	0.00000003
0.40000000	0.00059038	0.00000004
0.40000000	0.00059214	0.00000005
0.40000000	0.00059410	0.00000007
0.40000000	0.00059627	0.00000009
0.40000000	0.00059868	0.00000013
0.40000000	0.00060135	0.00000018
0.40000000	0.00060432	0.00000024
0.40000000	0.00060761	0.00000032
0.40000000	0.00061126	0.00000044
0.40000000	0.00061532	0.00000060
0.40000000	0.00061982	0.00000081
0.40000000	0.00062482	0.00000111
0.40000000	0.00063038	0.00000151
0.40000000	0.00063655	0.00000205
0.40000000	0.00064342	0.00000279
0.40000000	0.00065106	0.00000379
0.40000000	0.00065955	0.00000515
0.40000000	0.00066901	0.00000701
0.40000000	0.00067954	0.00000953
0.40000000	0.00069127	0.00001296
0.40000000	0.00070435	0.00001762
0.40000000	0.00071894	0.00002396
0.40000000	0.00073523	0.00003258
0.40000000	0.00075343	0.00004431
0.40000000	0.00077378	0.00006026
0.40000000	0.00079655	0.00008195
0.40000000	0.00082207	0.00011144
0.40000000	0.00085068	0.00015155
0.40000000	0.00088282	0.00020609
0.40000000	0.00091895	0.00028027
0.40000000	0.00095963	0.00038113
0.40000000	0.00100552	0.00051829
0.40000000	0.00105734	0.00070479
0.40000000	0.00111600	0.00095840
0.40000000	0.00118250	0.00130323
0.40000000	0.00125806	0.00177208
0.40000000	0.00134410	0.00240949
0.40000000	0.00144232	0.00327600
0.40000000	0.00155472	0.00445377
0.40000000	0.00168369	0.00605433
0.40000000	0.00183210	0.00822890
0.40000000	0.00200339	0.01118233
0.40000000	0.00220171	0.01519175
0.40000000	0.00243207	0.02063131
0.40000000	0.00270057	0.02800487
0.40000000	0.00301460	0.03798856
0.40000000	0.00338321	0.05148528
0.40000000	0.00381745	0.06969281
0.40000000	0.00433085	0.09418577
0.40000000	0.00494001	0.12700841
0.40000000	0.00566528	0.17076925
0.40000000	0.00653155	0.22871750
0.40000000	0.00756914	0.30476469
0.40000000	0.00881468	0.40339249
0.40000000	0.01031177	0.52936573
0.40000000	0.01211102	0.68716232
0.40000000	0.01426854	0.88006846
0.40000000	0.01684115	1.10900028
0.40000000	0.01987477	1.37130906
0.40000000	0.02337941	1.66003533
0.40000000	0.02727822	1.96413013
0.40000000	0.03130853	2.26989307
0.40000000	0.03484184	2.56332399
0.40000000	0.03659777	2.83258347
0.40000000	0.03436026	3.06969371
0.40000000	0.02545225	3.27103882
0.40000000	0.01053590	3.43680211
0.40000000	0.00064053	3.56982850
0.40000000	0.00000000	3.67441095
0.40000000	0.00000000	3.75531030
0.40000000	0.00000000	3.81710905
0.40000000	0.00000000	3.86386573
0.40000000	0.00000000	3.89898525
0.40000000	0.00000000	3.92522008
0.40000000	0.00000000	3.94473795
0.40000000	0.00000000	3.95921452
0.40000000	0.00000000	3.96992768
0.40000000	0.00000000	3.97784255
0.40000000	0.00000000	3.98368284
0.40000000	0.00000000	4.00000000
0.45000000	0.00000000	0.00000000
0.45000000	0.00000000	0.00000000
0.45000000	0.00000000	0.00000000
0.45000000	0.00000000	0.00000000
0.45000000	0.00000000	0.00000000
0.45000000	0.00000000	0.00000000
0.45000000	0.00000000	0.00000000
0.45000000	0.00000000	0.00000000
0.45000000	0.00000000	0.00000000
0.45000000	0.00000000	0.00000000
0.45000000	0.00000000	0.00000000
0.45000000	0.00000000	0.00000001
0.45000000	0.00000000	0.00000001
0.45000000	0.00000000	0.00000001
0.45000000	0.00000000	0.00000001
0.45000000	0.00000000	0.00000002
0.45000000	0.00000000	0.00000003
0.45000000	0.00000000	0.00000004
0.45000000	0.00000000	0.00000005
0.45000000	0.00000000	0.00000007
0.45000000	0.00000000	0.00000009
0.45000000	0.00000000	0.00000013
0.45000000	0.00000000	0.00000018
0.45000000	0.00000000	0.00000024
0.45000000	0.00000000	0.00000032
0.45000000	0.00000000	0.00000044
0.45000000	0.00000000	0.00000060
0.45000000	0.00000000	0.00000081
0.45000000	0.00000000	0.00000111
0.45000000	0.00000000	0.00000151
0.45000000	0.00000000	0.00000205
0.45000000	0.00000000	0.00000279
0.45000000	0.00000000	0.00000379
0.45000000	0.00000000	0.00000515
0.45000000	0.00000000	0.00000701
0.45000000	0.00000000	0.00000953
0.45000000	0.00000000	0.00001296
0.45000000	0.00000000	0.00001762
0.45000000	0.00000000	0.00002396
0.45000000	0.00000000	0.00003258
0.45000000	0.00000000	0.00004431
0.45000000	0.00000000	0.00006026
0.45000000	0.00000000	0.00008195
0.45000000	0.00000000	0.00011144
0.45000000	0.00000000	0.00015155
0.45000000	0.00000000	0.00020609
0.45000000	0.00000000	0.00028027
0.45000000	0.00000000	0.00038113
0.45000000	0.00000000	0.00051829
0.45000000	0.00000001	0.00070479
0.45000000	0.00000002	0.00095840
0.45000000	0.00000006	0.00130323
0.45000000	0.00000016	0.00177208
0.45000000	0.00000042	0.00240949
0.45000000	0.00000110	0.00327600
0.45000000	0.00000291	0.00445377
0.45000000	0.00000775	0.00605433
0.45000000	0.00002065	0.00822890
0.45000000	0.00005463	0.01118233
0.45000000	0.00014265	0.01519175
0.45000000	0.00036488	0.02063131
0.45000000	0.00090621	0.02800487
0.45000000	0.00216351	0.03798856
0.45000000	0.00490835	0.05148528
0.45000000	0.01044392	0.06969281
0.45000000	0.02053306	0.09418577
0.45000000	0.03667211	0.12700841
0.45000000	0.05836477	0.17076925
0.45000000	0.08099061	0.22871750
0.45000000	0.09560685	0.30476469
0.45000000	0.09337619	0.40339249
0.45000000	0.07312375	0.52936573
0.45000000	0.04432207	0.68716232
0.45000000	0.01998333	0.88006846
0.45000000	0.00640931	1.10900028
0.45000000	0.00139084	1.37130906
0.45000000	0.00019304	1.66003533
0.45000000	0.00001609	1.96413013
0.45000000	0.00000075	2.26989307
0.45000000	0.00000002	2.56332399
0.45000000	0.00000000	2.83258347
0.45000000	0.00000000	3.06969371
0.45000000	0.00000000	3.27103882
0.45000000	0.00000000	3.43680211
0.45000000	0.00000000	3.56982850
0.45000000	0.00000000	3.67441095
0.45000000	0.00000000	3.75531030
0.45000000	0.00000000	3.81710905
0.45000000	0.00000000	3.86386573
0.45000000	0.00000000	3.89898525
0.45000000	0.00000000	3.92522008
0.45000000	0.00000000	3.94473795
0.45000000	0.00000000	3.95921452
0.45000000	0.00000000	3.96992768
0.45000000	0.00000000	3.97784255
0.45000000	0.00000000	3.98368284
0.45000000	0.00000000	4.00000000
0.45000000	0.00064906	0.00000000
0.45000000	0.00064941	0.00000000
0.45000000	0.00064979	0.00000000
0.45000000	0.00065021	0.00000000
0.45000000	0.00065068	0.00000000
0.45000000	0.00065120	0.00000000
0.45000000	0.00065178	0.00000000
0.45000000	0.00065242	0.00000000
0.45000000	0.00065313	0.00000000
0.45000000	0.00065391	0.00000000
0.45000000	0.00065478	0.00000000
0.45000000	0.00065575	0.00000001
0.45000000	0.00065682	0.00000001
0.45000000	0.00065800	0.00000001
0.45000000	0.00065931	0.00000001
0.45000000	0.00066077	0.00000002
0.45000000	0.00066239	0.00000003
0.45000000	0.00066418	0.00000004
0.45000000	0.00066616	0.00000005
0.45000000	0.00066836	0.00000007
0.45000000	0.00067081	0.00000009
0.45000000	0.00067352	0.00000013
0.45000000	0.00067652	0.00000018
0.45000000	0.00067986	0.00000024
0.45000000	0.00068356	0.00000032
0.45000000	0.00068767	0.00000044
0.45000000	0.00069223	0.00000060
0.45000000	0.00069730	0.00000081
0.45000000	0.00070292	0.00000111
0.45000000	0.00070917	0.00000151
0.45000000	0.00071612	0.00000205
0.45000000	0.00072385	0.00000279
0.45000000	0.00073244	0.00000379
0.45000000	0.00074199	0.00000515
0.45000000	0.00075263	0.00000701
0.45000000	0.00076448	0.00000953
0.45000000	0.00077768	0.00001296
0.45000000	0.00079239	0.00001762
0.45000000	0.00080881	0.00002396
0.45000000	0.00082713	0.00003258
0.45000000	0.00084761	0.00004431
0.45000000	0.00087050	0.00006026
0.45000000	0.00089612	0.00008195
0.45000000	0.00092482	0.00011144
0.45000000	0.00095702	0.00015155
0.45000000	0.00099317	0.00020609
0.45000000	0.00103382	0.00028027
0.45000000	0.00107959	0.00038113
0.45000000	0.00113120	0.00051829
0.45000000	0.00118951	0.00070479
0.45000000	0.00125549	0.00095840
0.45000000	0.00133031	0.00130323
0.45000000	0.00141532	0.00177208
0.45000000	0.00151212	0.00240949
0.45000000	0.00162261	0.00327600
0.45000000	0.00174906	0.00445377
0.45000000	0.00189415	0.00605433
0.45000000	0.00206111	0.00822890
0.45000000	0.00225382	0.01118233
0.45000000	0.00247692	0.01519175
0.45000000	0.00273608	0.02063131
0.45000000	0.00303814	0.02800487
0.45000000	0.00339143	0.03798856
0.45000000	0.00380611	0.05148528
0.45000000	0.00429463	0.06969281
0.45000000	0.00487220	0.09418577
0.45000000	0.00555751	0.12700841
0.45000000	0.00637344	0.17076925
0.45000000	0.00734800	0.22871750
0.45000000	0.00851529	0.30476469
0.45000000	0.00991652	0.40339249
0.45000000	0.01160074	0.52936573
0.45000000	0.01362490	0.68716232
0.45000000	0.01605211	0.88006846
0.45000000	0.01894629	1.10900028
0.45000000	0.02235912	1.37130906
0.45000000	0.02630184	1.66003533
0.45000000	0.03068799	1.96413013
0.45000000	0.03522209	2.26989307
0.45000000	0.03919707	2.56332399
0.45000000	0.04117250	2.83258347
0.45000000	0.03865529	3.06969371
0.45000000	0.02863378	3.27103882
0.45000000	0.01185289	3.43680211
0.45000000	0.00072059	3.56982850
0.45000000	0.00000000	3.67441095
0.45000000	0.00000000	3.75531030
0.45000000	0.00000000	3.81710905
0.45000000	0.00000000	3.86386573
0.45000000	0.00000000	3.89898525
0.45000000	0.00000000	3.92522008
0.45000000	0.00000000	3.94473795
0.45000000	0.00000000	3.95921452
0.45000000	0.00000000	3.96992768
0.45000000	0.00000000	3.97784255
0.45000000	0.00000000	3.98368284
0.45000000	0.00000000	4.00000000
0.50000000	0.00000000	0.00000000
0.50000000	0.00000000	0.00000000
0.50000000	0.00000000	0.00000000
0.50000000	0.00000000	0.00000000
0.50000000	0.00000000	0.00000000
0.50000000	0.00000000	0.00000000
0.50000000	0.00000000	0.00000000
0.50000000	0.00000000	0.00000000
0.50000000	0.00000000	0.00000000
0.50000000	0.00000000	0.00000000
0.50000000	0.00000000	0.00000000
0.50000000	0.00000000	0.00000001
0.50000000	0.00000000	0.00000001
0.50000000	0.00000000	0.00000001
0.50000000	0.00000000	0.00000001
0.50000000	0.00000000	0.00000002
0.50000000	0.00000000	0.00000003
0.50000000	0.00000000	0.00000004
0.50000000	0.00000000	0.00000005
0.50000000	0.00000000	0.00000007
0.50000000	0.00000000	0.00000009
0.50000000	0.00000000	0.00000013
0.50000000	0.00000000	0.00000018
0.50000000	0.00000000	0.00000024
0.50000000	0.00000000	0.00000032
0.50000000	0.00000000	0.00000044
0.50000000	0.00000000	0.00000060
0.50000000	0.00000000	0.00000081
0.50000000	0.00000000	0.00000111
0.50000000	0.00000000	0.00000151
0.50000000	0.00000000	0.00000205
0.50000000	0.00000000	0.00000279
0.50000000	0.00000000	0.00000379
0.50000000	0.00000000	0.00000515
0.50000000	0.00000000	0.00000701
0.50000000	0.00000000	0.00000953
0.50000000	0.00000000	0.00001296
0.50000000	0.00000000	0.00001762
0.50000000	0.00000000	0.00002396
0.50000000	0.00000000	0.00003258
0.50000000	0.00000000	0.00004431
0.50000000	0.00000000	0.00006026
0.50000000	0.00000000	0.00008195
0.50000000	0.00000000	0.00011144
0.50000000	0.00000000	0.00015155
0.50000000	0.00000000	0.00020609
0.50000000	0.00000000	0.00028027
0.50000000	0.00000000	0.00038113
0.50000000	0.00000000	0.00051829
0.50000000	0.00000001	0.00070479
0.50000000	0.00000002	0.00095840
0.50000000	0.00000006	0.00130323
0.50000000	0.00000015	0.00177208
0.50000000	0.00000038	0.00240949
0.50000000	0.00000100	0.00327600
0.50000000	0.00000265	0.00445377
0.50000000	0.00000705	0.00605433
0.50000000	0.00001877	0.00822890
0.50000000	0.00004966	0.01118233
0.50000000	0.00012968	0.01519175
0.50000000	0.00033171	0.02063131
0.50000000	0.00082383	0.02800487
0.50000000	0.00196682	0.03798856
0.50000000	0.00446214	0.05148528
0.50000000	0.00949447	0.06969281
0.50000000	0.01866642	0.09418577
0.50000000	0.03333828	0.12700841
0.50000000	0.05305888	0.17076925
0.50000000	0.07362782	0.22871750
0.50000000	0.08691532	0.30476469
0.50000000	0.08488744	0.40339249
0.50000000	0.06647614	0.52936573
0.50000000	0.04029279	0.68716232
0.50000000	0.01816666	0.88006846
0.50000000	0.00582665	1.10900028
0.50000000	0.00126440	1.37130906
0.50000000	0.00017549	1.66003533
0.50000000	0.00001463	1.96413013
0.50000000	0.00000068	2.26989307
0.50000000	0.00000002	2.56332399
0.50000000	0.00000000	2.83258347
0.50000000	0.00000000	3.06969371
0.50000000	0.00000000	3.27103882
0.50000000	0.00000000	3.43680211
0.50000000	0.00000000	3.56982850
0.50000000	0.00000000	3.67441095
0.50000000	0.00000000	3.75531030
0.50000000	0.00000000	3.81710905
0.50000000	0.00000000	3.86386573
0.50000000	0.00000000	3.89898525
0.50000000	0.00000000	3.92522008
0.50000000	0.00000000	3.94473795
0.50000000	0.00000000	3.95921452
0.50000000	0.00000000	3.96992768
0.50000000	0.00000000	3.97784255
0.50000000	0.00000000	3.98368284
0.50000000	0.00000000	4.00000000
0.50000000	0.00072118	0.00000000
0.50000000	0.00072156	0.00000000
0.50000000	0.00072199	0.00000000
0.50000000	0.00072246	0.00000000
0.50000000	0.00072298	0.00000000
0.50000000	0.00072356	0.00000000
0.50000000	0.00072420	0.00000000
0.50000000	0.00072491	0.00000000
0.50000000	0.00072570	0.00000000
0.50000000	0.00072657	0.00000000
0.50000000	0.00072754	0.00000000
0.50000000	0.00072861	0.00000001
0.50000000	0.00072979	0.00000001
0.50000000	0.00073111	0.00000001
0.50000000	0.00073257	0.00000001
0.50000000	0.00073419	0.00000002
0.50000000	0.00073598	0.00000003
0.50000000	0.00073797	0.00000004
0.50000000	0.00074018	0.00000005
0.50000000	0.00074263	0.00000007
0.50000000	0.00074534	0.00000009
0.50000000	0.00074835	0.00000013
0.50000000	0.00075169	0.00000018
0.50000000	0.00075540	0.00000024
0.50000000	0.00075951	0.00000032
0.50000000	0.00076408	0.00000044
0.50000000	0.00076915	0.00000060
0.50000000	0.00077477	0.00000081
0.50000000	0.00078103	0.00000111
0.50000000	0.00078797	0.00000151
0.50000000	0.00079569	0.00000205
0.50000000	0.00080427	0.00000279
0.50000000	0.00081382	0.00000379
0.50000000	0.00082444	0.00000515
0.50000000	0.00083626	0.00000701
0.50000000	0.00084942	0.00000953
0.50000000	0.00086409	0.00001296
0.50000000	0.00088044	0.00001762
0.50000000	0.00089867	0.00002396
0.50000000	0.00091904	0.00003258
0.50000000	0.00094178	0.00004431
0.50000000	0.00096722	0.00006026
0.50000000	0.00099569	0.00008195
0.50000000	0.00102758	0.00011144
0.50000000	0.00106335	0.00015155
0.50000000	0.00110352	0.00020609
0.50000000	0.00114869	0.00028027
0.50000000	0.00119954	0.00038113
0.50000000	0.00125689	0.00051829
0.50000000	0.00132168	0.00070479
0.50000000	0.00139499	0.00095840
0.50000000	0.00147812	0.00130323
0.50000000	0.00157257	0.00177208
0.50000000	0.00168013	0.00240949
0.50000000	0.00180290	0.00327600
0.50000000	0.00194340	0.00445377
0.50000000	0.00210462	0.00605433
0.50000000	0.00229013	0.00822890
0.50000000	0.00250424	0.01118233
0.50000000	0.00275214	0.01519175
0.50000000	0.00304009	0.02063131
0.50000000	0.00337571	0.02800487
0.50000000	0.00376825	0.03798856
0.50000000	0.00422901	0.05148528
0.50000000	0.00477181	0.06969281
0.50000000	0.00541356	0.09418577
0.50000000	0.00617501	0.12700841
0.50000000	0.00708160	0.17076925
0.50000000	0.00816444	0.22871750
0.50000000	0.00946143	0.30476469
0.50000000	0.01101835	0.40339249
0.50000000	0.01288971	0.52936573
0.50000000	0.01513877	0.68716232
0.50000000	0.01783568	0.88006846
0.50000000	0.02105144	1.10900028
0.50000000	0.02484346	1.37130906
0.50000000	0.02922427	1.66003533
0.50000000	0.03409777	1.96413013
0.50000000	0.03913566	2.26989307
0.50000000	0.04355230	2.56332399
0.50000000	0.04574722	2.83258347
0.50000000	0.04295032	3.06969371
0.50000000	0.03181531	3.27103882
0.50000000	0.01316987	3.43680211
0.50000000	0.00080066	3.56982850
0.50000000	0.00000000	3.67441095
0.50000000	0.00000000	3.75531030
0.50000000	0.00000000	3.81710905
0.50000000	0.00000000	3.86386573
0.50000000	0.00000000	3.89898525
0.50000000	0.00000000	3.92522008
0.50000000	0.00000000	3.94473795
0.50000000	0.00000000	3.95921452
0.50000000	0.00000000	3.96992768
0.50000000	0.00000000	3.97784255
0.50000000	0.00000000	3.98368284
0.50000000	0.00000000	4.00000000
0.55000000	0.00000000	0.00000000
0.55000000	0.00000000	0.00000000
0.55000000	0.00000000	0.00000000
0.55000000	0.00000000	0.00000000
0.55000000	0.00000000	0.00000000
0.55000000	0.00000000	0.00000000
0.55000000	0.00000000	0.00000000
0.55000000	0.00000000	0.00000000
0.55000000	0.00000000	0.00000000
0.55000000	0.00000000	0.00000000
0.55000000	0.00000000	0.00000000
0.55000000	0.00000000	0.00000001
0.55000000	0.00000000	0.00000001
0.55000000	0.00000000	0.00000001
0.55000000	0.00000000	0.00000001
0.55000000	0.00000000	0.00000002
0.55000000	0.00000000	0.00000003
0.55000000	0.00000000	0.00000004
0.55000000	0.00000000	0.00000005
0.55000000	0.00000000	0.00000007
0.55000000	0.00000000	0.00000009
0.55000000	0.00000000	0.00000013
0.55000000	0.00000000	0.00000018
0.55000000	0.00000000	0.00000024
0.55000000	0.00000000	0.00000032
0.55000000	0.00000000	0.00000044
0.55000000	0.00000000	0.00000060
0.55000000	0.00000000	0.00000081
0.55000000	0.00000000	0.00000111
0.55000000	0.00000000	0.00000151
0.55000000	0.00000000	0.00000205
0.55000000	0.00000000	0.00000279
0.55000000	0.00000000	0.00000379
0.55000000	0.00000000	0.00000515
0.55000000	0.00000000	0.00000701
0.55000000	0.00000000	0.00000953
0.55000000	0.00000000	0.00001296
0.55000000	0.00000000	0.00001762
0.55000000	0.00000000	0.00002396
0.55000000	0.00000000	0.00003258
0.55000000	0.00000000	0.00004431
0.55000000	0.00000000	0.00006026
0.55000000	0.00000000	0.00008195
0.55000000	0.00000000	0.00011144
0.55000000	0.00000000	0.00015155
0.55000000	0.00000000	0.00020609
0.55000000	0.00000000	0.00028027
0.55000000	0.00000000	0.00038113
0.55000000	0.00000000	0.00051829
0.55000000	0.00000001	0.00070479
0.55000000	0.00000002	0.00095840
0.55000000	0.00000005	0.00130323
0.55000000	0.00000013	0.00177208
0.55000000	0.00000034	0.00240949
0.55000000	0.00000090	0.00327600
0.55000000	0.00000238	0.00445377
0.55000000	0.00000634	0.00605433
0.55000000	0.00001689	0.00822890
0.55000000	0.00004470	0.01118233
0.55000000	0.00011671	0.01519175
0.55000000	0.00029854	0.02063131
0.55000000	0.00074145	0.02800487
0.55000000	0.00177014	0.03798856
0.55000000	0.00401592	0.05148528
0.55000000	0.00854502	0.06969281
0.55000000	0.01679978	0.09418577
0.55000000	0.03000445	0.12700841
0.55000000	0.04775299	0.17076925
0.55000000	0.06626504	0.22871750
0.55000000	0.07822379	0.30476469
0.55000000	0.07639870	0.40339249
0.55000000	0.05982852	0.52936573
0.55000000	0.03626351	0.68716232
0.55000000	0.01634999	0.88006846
0.55000000	0.00524398	1.10900028
0.55000000	0.00113796	1.37130906
0.55000000	0.00015794	1.66003533
0.55000000	0.00001316	1.96413013
0.55000000	0.00000061	2.26989307
0.55000000	0.00000001	2.56332399
0.55000000	0.00000000	2.83258347
0.55000000	0.00000000	3.06969371
0.55000000	0.00000000	3.27103882
0.55000000	0.00000000	3.43680211
0.55000000	0.00000000	3.56982850
0.55000000	0.00000000	3.67441095
0.55000000	0.00000000	3.75531030
0.55000000	0.00000000	3.81710905
0.55000000	0.00000000	3.86386573
0.55000000	0.00000000	3.89898525
0.55000000	0.00000000	3.92522008
0.55000000	0.00000000	3.94473795
0.55000000	0.00000000	3.95921452
0.55000000	0.00000000	3.96992768
0.55000000	0.00000000	3.97784255
0.55000000	0.00000000	3.98368284
0.55000000	0.00000000	4.00000000
0.55000000	0.00079330	0.00000000
0.55000000	0.00079372	0.00000000
0.55000000	0.00079419	0.00000000
0.55000000	0.00079470	0.00000000
0.55000000	0.00079528	0.00000000
0.55000000	0.00079591	0.00000000
0.55000000	0.00079662	0.00000000
0.55000000	0.00079740	0.00000000
0.55000000	0.00079827	0.00000000
0.55000000	0.00079923	0.00000000
0.55000000	0.00080029	0.00000000
0.55000000	0.00080147	0.00000001
0.55000000	0.00080277	0.00000001
0.55000000	0.00080422	0.00000001
0.55000000	0.00080583	0.00000001
0.55000000	0.00080761	0.00000002
0.55000000	0.00080958	0.00000003
0.55000000	0.00081177	0.00000004
0.55000000	0.00081420	0.00000005
0.55000000	0.00081689	0.00000007
0.55000000	0.00081987	0.00000009
0.55000000	0.00082319	0.00000013
0.55000000	0.00082686	0.00000018
0.55000000	0.00083094	0.00000024
0.55000000	0.00083546	0.00000032
0.55000000	0.00084048	0.00000044
0.55000000	0.00084606	0.00000060
0.55000000	0.00085225	0.00000081
0.55000000	0.00085913	0.00000111
0.55000000	0.00086677	0.00000151
0.55000000	0.00087526	0.00000205
0.55000000	0.00088470	0.00000279
0.55000000	0.00089520	0.00000379
0.55000000	0.00090688	0.00000515
0.55000000	0.00091988	0.00000701
0.55000000	0.00093436	0.00000953
0.55000000	0.00095049	0.00001296
0.55000000	0.00096848	0.00001762
0.55000000	0.00098854	0.00002396
0.55000000	0.00101094	0.00003258
0.55000000	0.00103596	0.00004431
0.55000000	0.00106394	0.00006026
0.55000000	0.00109526	0.00008195
0.55000000	0.00113034	0.00011144
0.55000000	0.00116969	0.00015155
0.55000000	0.00121387	0.00020609
0.55000000	0.00126356	0.00028027
0.55000000	0.00131950	0.00038113
0.55000000	0.00138258	0.00051829
0.55000000	0.00145385	0.00070479
0.55000000	0.00153449	0.00095840
0.55000000	0.00162593	0.00130323
0.55000000	0.00172983	0.00177208
0.55000000	0.00184814	0.00240949
0.55000000	0.00198319	0.00327600
0.55000000	0.00213774	0.00445377
0.55000000	0.00231508	0.00605433
0.55000000	0.00251914	0.00822890
0.55000000	0.00275466	0.01118233
0.55000000	0.00302735	0.01519175
0.55000000	0.00334410	0.02063131
0.55000000	0.00371328	0.02800487
0.55000000	0.00414508	0.03798856
0.55000000	0.00465191	0.05148528
0.55000000	0.00524899	0.06969281
0.55000000	0.00595491	0.09418577
0.55000000	0.00679251	0.12700841
0.55000000	0.00778976	0.17076925
0.55000000	0.00898088	0.22871750
0.55000000	0.01040757	0.30476469
0.55000000	0.01212019	0.40339249
0.55000000	0.01417869	0.52936573
0.55000000	0.01665265	0.68716232
0.55000000	0.01961924	0.88006846
0.55000000	0.02315658	1.10900028
0.55000000	0.02732781	1.37130906
0.55000000	0.03214669	1.66003533
0.55000000	0.03750755	1.96413013
0.55000000	0.04304922	2.26989307
0.55000000	0.04790753	2.56332399
0.55000000	0.05032194	2.83258347
0.55000000	0.04724535	3.06969371
0.55000000	0.03499684	3.27103882
0.55000000	0.01448686	3.43680211
0.55000000	0.00088072	3.56982850
0.55000000	0.00000000	3.67441095
0.55000000	0.00000000	3.75531030
0.55000000	0.00000000	3.81710905
0.55000000	0.00000000	3.86386573
0.55000000	0.00000000	3.89898525
0.55000000	0.00000000	3.92522008
0.55000000	0.00000000	3.94473795
0.55000000	0.00000000	3.95921452
0.55000000	0.00000000	3.96992768
0.55000000	0.00000000	3.97784255
0.55000000	0.00000000	3.98368284
0.55000000	0.00000000	4.00000000
0.60000000	0.00000000	0.00000000
0.60000000	0.00000000	0.00000000
0.60000000	0.00000000	0.00000000
0.60000000	0.00000000	0.00000000
0.60000000	0.00000000	0.00000000
0.60000000	0.00000000	0.00000000
0.60000000	0.00000000	0.00000000
0.60000000	0.00000000	0.00000000
0.60000000	0.00000000	0.00000000
0.60000000	0.00000000	0.00000000
0.60000000	0.00000000	0.00000000
0.60000000	0.00000000	0.00000001
0.60000000	0.00000000	0.00000001
0.60000000	0.00000000	0.00000001
0.60000000	0.00000000	0.00000001
0.60000000	0.00000000	0.00000002
0.60000000	0.00000000	0.00000003
0.60000000	0.00000000	0.00000004
0.60000000	0.00000000	0.00000005
0.60000000	0.00000000	0.00000007
0.60000000	0.00000000	0.00000009
0.60000000	0.00000000	0.00000013
0.60000000	0.00000000	0.00000018
0.60000000	0.00000000	0.00000024
0.60000000	0.00000000	0.00000032
0.60000000	0.00000000	0.00000044
0.60000000	0.00000000	0.00000060
0.60000000	0.00000000	0.00000081
0.60000000	0.00000000	0.00000111
0.60000000	0.00000000	0.00000151
0.60000000	0.00000000	0.00000205
0.60000000	0.00000000	0.00000279
0.60000000	0.00000000	0.00000379
0.60000000	0.00000000	0.00000515
0.60000000	0.00000000	0.00000701
0.60000000	0.00000000	0.00000953
0.60000000	0.00000000	0.00001296
0.60000000	0.00000000	0.00001762
0.60000000	0.00000000	0.00002396
0.60000000	0.00000000	0.00003258
0.60000000	0.00000000	0.00004431
0.60000000	0.00000000	0.00006026
0.60000000	0.00000000	0.00008195
0.60000000	0.00000000	0.00011144
0.60000000	0.00000000	0.00015155
0.60000000	0.00000000	0.00020609
0.60000000	0.00000000	0.00028027
0.60000000	0.00000000	0.00038113
0.60000000	0.00000000	0.00051829
0.60000000	0.00000001	0.00070479
0.60000000	0.00000002	0.00095840
0.60000000	0.00000005	0.00130323
0.60000000	0.00000012	0.00177208
0.60000000	0.00000030	0.00240949
0.60000000	0.00000080	0.00327600
0.60000000	0.00000212	0.00445377
0.60000000	0.00000564	0.00605433
0.60000000	0.00001502	0.00822890
0.60000000	0.00003973	0.01118233
0.60000000	0.00010375	0.01519175
0.60000000	0.00026536	0.02063131
0.60000000	0.00065906	0.02800487
0.60000000	0.00157346	0.03798856
0.60000000	0.00356971	0.05148528
0.60000000	0.00759558	0.06969281
0.60000000	0.01493314	0.09418577
0.60000000	0.02667062	0.12700841
0.60000000	0.04244710	0.17076925
0.60000000	0.05890226	0.22871750
0.60000000	0.06953226	0.30476469
0.60000000	0.06790995	0.40339249
0.60000000	0.05318091	0.52936573
0.60000000	0.03223423	0.68716232
0.60000000	0.01453333	0.88006846
0.60000000	0.00466132	1.10900028
0.60000000	0.00101152	1.37130906
0.60000000	0.00014039	1.66003533
0.60000000	0.00001170	1.96413013
0.60000000	0.00000055	2.26989307
0.60000000	0.00000001	2.56332399
0.60000000	0.00000000	2.83258347
0.60000000	0.00000000	3.06969371
0.60000000	0.00000000	3.27103882
0.60000000	0.00000000	3.43680211
0.60000000	0.00000000	3.56982850
0.60000000	0.00000000	3.67441095
0.60000000	0.00000000	3.75531030
0.60000000	0.00000000	3.81710905
0.60000000	0.00000000	3.86386573
0.60000000	0.00000000	3.89898525
0.60000000	0.00000000	3.92522008
0.60000000	0.00000000	3.94473795
0.60000000	0.00000000	3.95921452
0.60000000	0.00000000	3.96992768
0.60000000	0.00000000	3.97784255
0.60000000	0.00000000	3.98368284
0.60000000	0.00000000	4.00000000
0.60000000	0.00086542	0.00000000
0.60000000	0.00086588	0.00000000
0.60000000	0.00086639	0.00000000
0.60000000	0.00086695	0.00000000
0.60000000	0.00086758	0.00000000
0.60000000	0.00086827	0.00000000
0.60000000	0.00086904	0.00000000
0.60000000	0.00086989	0.00000000
0.60000000	0.00087084	0.00000000
0.60000000	0.00087188	0.00000000
0.60000000	0.00087304	0.00000000
0.60000000	0.00087433	0.00000001
0.60000000	0.00087575	0.00000001
0.60000000	0.00087733	0.00000001
0.60000000	0.00087909	0.00000001
0.60000000	0.00088103	0.00000002
0.60000000	0.00088318	0.00000003
0.60000000	0.00088557	0.00000004
0.60000000	0.00088822	0.00000005
0.60000000	0.00089115	0.00000007
0.60000000	0.00089441	0.00000009
0.60000000	0.00089802	0.00000013
0.60000000	0.00090203	0.00000018
0.60000000	0.00090648	0.00000024
0.60000000	0.00091141	0.00000032
0.60000000	0.00091689	0.00000044
0.60000000	0.00092297	0.00000060
0.60000000	0.00092973	0.00000081
0.60000000	0.00093723	0.00000111
0.60000000	0.00094557	0.00000151
0.60000000	0.00095483	0.00000205
0.60000000	0.00096513	0.00000279
0.60000000	0.00097658	0.00000379
0.60000000	0.00098933	0.00000515
0.60000000	0.00100351	0.00000701
0.60000000	0.00101930	0.00000953
0.60000000	0.00103690	0.00001296
0.60000000	0.00105652	0.00001762
0.60000000	0.00107841	0.00002396
0.60000000	0.00110284	0.00003258
0.60000000	0.00113014	0.00004431
0.60000000	0.00116066	0.00006026
0.60000000	0.00119483	0.00008195
0.60000000	0.00123310	0.00011144
0.60000000	0.00127602	0.00015155
0.60000000	0.00132423	0.00020609
0.60000000	0.00137842	0.00028027
0.60000000	0.00143945	0.00038113
0.60000000	0.00150827	0.00051829
0.60000000	0.00158602	0.00070479
0.60000000	0.00167399	0.00095840
0.60000000	0.00177375	0.00130323
0.60000000	0.00188709	0.00177208
0.60000000	0.00201616	0.00240949
0.60000000	0.00216348	0.00327600
0.60000000	0.00233208	0.00445377
0.60000000	0.00252554	0.00605433
0.60000000	0.00274815	0.00822890
0.60000000	0.00300509	0.01118233
0.60000000	0.00330257	0.01519175
0.60000000	0.00364811	0.02063131
0.60000000	0.00405085	0.02800487
0.60000000	0.00452190	0.03798856
0.60000000	0.00507482	0.05148528
0.60000000	0.00572617	0.06969281
0.60000000	0.00649627	0.09418577
0.60000000	0.00741001	0.12700841
0.60000000	0.00849792	0.17076925
0.60000000	0.00979733	0.22871750
0.60000000	0.01135372	0.30476469
0.60000000	0.01322203	0.40339249
0.60000000	0.01546766	0.52936573
0.60000000	0.01816653	0.68716232
0.60000000	0.02140281	0.88006846
0.60000000	0.02526172	1.10900028
0.60000000	0.02981215	1.37130906
0.60000000	0.03506912	1.66003533
0.60000000	0.04091733	1.96413013
0.60000000	0.04696279	2.26989307
0.60000000	0.05226276	2.56332399
0.60000000	0.05489666	2.83258347
0.60000000	0.05154038	3.06969371
0.60000000	0.03817837	3.27103882
0.60000000	0.01580385	3.43680211
0.60000000	0.00096079	3.56982850
0.60000000	0.00000000	3.67441095
0.60000000	0.00000000	3.75531030
0.60000000	0.00000000	3.81710905
0.60000000	0.00000000	3.86386573
0.60000000	0.00000000	3.89898525
0.60000000	0.00000000	3.92522008
0.60000000	0.00000000	3.94473795
0.60000000	0.00000000	3.95921452
0.60000000	0.00000000	3.96992768
0.60000000	0.00000000	3.97784255
0.60000000	0.00000000	3.98368284
0.60000000	0.00000000	4.00000000
0.65000000	0.00000000	0.00000000
0.65000000	0.00000000	0.00000000
0.65000000	0.00000000	0.00000000
0.65000000	0.00000000	0.00000000
0.65000000	0.00000000	0.00000000
0.65000000	0.00000000	0.00000000
0.65000000	0.00000000	0.00000000
0.65000000	0.00000000	0.00000000
0.65000000	0.00000000	0.00000000
0.65000000	0.00000000	0.00000000
0.65000000	0.00000000	0.00000000
0.65000000	0.00000000	0.00000001
0.65000000	0.00000000	0.00000001
0.65000000	0.00000000	0.00000001
0.65000000	0.00000000	0.00000001
0.65000000	0.00000000	0.00000002
0.65000000	0.00000000	0.00000003
0.65000000	0.00000000	0.00000004
0.65000000	0.00000000	0.00000005
0.65000000	0.00000000	0.00000007
0.65000000	0.00000000	0.00000009
0.65000000	0.00000000	0.00000013
0.65000000	0.00000000	0.00000018
0.65000000	0.00000000	0.00000024
0.65000000	0.00000000	0.00000032
0.65000000	0.00000000	0.00000044
0.65000000	0.00000000	0.00000060
0.65000000	0.00000000	0.00000081
0.65000000	0.00000000	0.00000111
0.65000000	0.00000000	0.00000151
0.65000000	0.00000000	0.00000205
0.65000000	0.00000000	0.00000279
0.65000000	0.00000000	0.00000379
0.65000000	0.00000000	0.00000515
0.65000000	0.00000000	0.00000701
0.65000000	0.00000000	0.00000953
0.65000000	0.00000000	0.00001296
0.65000000	0.00000000	0.00001762
0.65000000	0.00000000	0.00002396
0.65000000	0.00000000	0.00003258
0.65000000	0.00000000	0.00004431
0.65000000	0.00000000	0.00006026
0.65000000	0.00000000	0.00008195
0.65000000	0.00000000	0.00011144
0.65000000	0.00000000	0.00015155
0.65000000	0.00000000	0.00020609
0.65000000	0.00000000	0.00028027
0.65000000	0.00000000	0.00038113
0.65000000	0.00000000	0.00051829
0.65000000	0.00000001	0.00070479
0.65000000	0.00000002	0.00095840
0.65000000	0.00000004	0.00130323
0.65000000	0.00000010	0.00177208
0.65000000	0.00000027	0.00240949
0.65000000	0.00000070	0.00327600
0.65000000	0.00000185	0.00445377
0.65000000	0.00000493	0.00605433
0.65000000	0.00001314	0.00822890
0.65000000	0.00003476	0.01118233
0.65000000	0.00009078	0.01519175
0.65000000	0.00023219	0.02063131
0.65000000	0.00057668	0.02800487
0.65000000	0.00137678	0.03798856
0.65000000	0.00312350	0.05148528
0.65000000	0.00664613	0.06969281
0.65000000	0.01306650	0.09418577
0.65000000	0.02333680	0.12700841
0.65000000	0.03714122	0.17076925
0.65000000	0.05153948	0.22871750
0.65000000	0.06084072	0.30476469
0.65000000	0.05942121	0.40339249
0.65000000	0.04653330	0.52936573
0.65000000	0.02820495	0.68716232
0.65000000	0.01271666	0.88006846
0.65000000	0.00407865	1.10900028
0.65000000	0.00088508	1.37130906
0.65000000	0.00012284	1.66003533
0.65000000	0.00001024	1.96413013
0.65000000	0.00000048	2.26989307
0.65000000	0.00000001	2.56332399
0.65000000	0.00000000	2.83258347
0.65000000	0.00000000	3.06969371
0.65000000	0.00000000	3.27103882
0.65000000	0.00000000	3.43680211
0.65000000	0.00000000	3.56982850
0.65000000	0.00000000	3.67441095
0.65000000	0.00000000	3.75531030
0.65000000	0.00000000	3.81710905
0.65000000	0.00000000	3.86386573
0.65000000	0.00000000	3.89898525
0.65000000	0.00000000	3.92522008
0.65000000	0.00000000	3.94473795
0.65000000	0.00000000	3.95921452
0.65000000	0.00000000	3.96992768
0.65000000	0.00000000	3.97784255
0.65000000	0.00000000	3.98368284
0.65000000	0.00000000	4.00000000
0.65000000	0.00093753	0.00000000
0.65000000	0.00093803	0.00000000
0.65000000	0.00093858	0.00000000
0.65000000	0.00093920	0.00000000
0.65000000	0.00093987	0.00000000
0.65000000	0.00094063	0.00000000
0.65000000	0.00094146	0.00000000
0.65000000	0.00094238	0.00000000
0.65000000	0.00094341	0.00000000
0.65000000	0.00094454	0.00000000
0.65000000	0.00094580	0.00000000
0.65000000	0.00094719	0.00000001
0.65000000	0.00094873	0.00000001
0.65000000	0.00095045	0.00000001
0.65000000	0.00095234	0.00000001
0.65000000	0.00095445	0.00000002
0.65000000	0.00095678	0.00000003
0.65000000	0.00095937	0.00000004
0.65000000	0.00096223	0.00000005
0.65000000	0.00096541	0.00000007
0.65000000	0.00096894	0.00000009
0.65000000	0.00097286	0.00000013
0.65000000	0.00097720	0.00000018
0.65000000	0.00098202	0.00000024
0.65000000	0.00098736	0.00000032
0.65000000	0.00099330	0.00000044
0.65000000	0.00099989	0.00000060
0.65000000	0.00100721	0.00000081
0.65000000	0.00101533	0.00000111
0.65000000	0.00102436	0.00000151
0.65000000	0.00103440	0.00000205
0.65000000	0.00104556	0.00000279
0.65000000	0.00105796	0.00000379
0.65000000	0.00107177	0.00000515
0.65000000	0.00108713	0.00000701
0.65000000	0.00110425	0.00000953
0.65000000	0.00112331	0.00001296
0.65000000	0.00114457	0.00001762
0.65000000	0.00116828	0.00002396
0.65000000	0.00119475	0.00003258
0.65000000	0.00122432	0.00004431
0.65000000	0.00125739	0.00006026
0.65000000	0.00129440	0.00008195
0.65000000	0.00133586	0.00011144
0.65000000	0.00138236	0.00015155
0.65000000	0.00143458	0.00020609
0.65000000	0.00149329	0.00028027
0.65000000	0.00155941	0.00038113
0.65000000	0.00163396	0.00051829
0.65000000	0.00171818	0.00070479
0.65000000	0.00181349	0.00095840
0.65000000	0.00192156	0.00130323
0.65000000	0.00204435	0.00177208
0.65000000	0.00218417	0.00240949
0.65000000	0.00234377	0.00327600
0.65000000	0.00252642	0.00445377
0.65000000	0.00273600	0.00605433
0.65000000	0.00297717	0.00822890
0.65000000	0.00325551	0.01118233
0.65000000	0.00357778	0.01519175
0.65000000	0.00395212	0.02063131
0.65000000	0.00438843	0.02800487
0.65000000	0.00489873	0.03798856
0.65000000	0.00549772	0.05148528
0.65000000	0.00620335	0.06969281
0.65000000	0.00703762	0.09418577
0.65000000	0.00802751	0.12700841
0.65000000	0.00920608	0.17076925
0.65000000	0.01061377	0.22871750
0.65000000	0.01229986	0.30476469
0.65000000	0.01432386	0.40339249
0.65000000	0.01675663	0.52936573
0.65000000	0.01968041	0.68716232
0.65000000	0.02318638	0.88006846
0.65000000	0.02736687	1.10900028
0.65000000	0.03229650	1.37130906
0.65000000	0.03799155	1.66003533
0.65000000	0.04432710	1.96413013
0.65000000	0.05087635	2.26989307
0.65000000	0.05661799	2.56332399
0.65000000	0.05947138	2.83258347
0.65000000	0.05583542	3.06969371
0.65000000	0.04135991	3.27103882
0.65000000	0.01712084	3.43680211
0.65000000	0.00104085	3.56982850
0.65000000	0.00000000	3.67441095
0.65000000	0.00000000	3.75531030
0.65000000	0.00000000	3.81710905
0.65000000	0.00000000	3.86386573
0.65000000	0.00000000	3.89898525
0.65000000	0.00000000	3.92522008
0.65000000	0.00000000	3.94473795
0.65000000	0.00000000	3.95921452
0.65000000	0.00000000	3.96992768
0.65000000	0.00000000	3.97784255
0.65000000	0.00000000	3.98368284
0.65000000	0.00000000	4.00000000
0.70000000	0.00000000	0.00000000
0.70000000	0.00000000	0.00000000
0.70000000	0.00000000	0.00000000
0.70000000	0.00000000	0.00000000
0.70000000	0.00000000	0.00000000
0.70000000	0.00000000	0.00000000
0.70000000	0.00000000	0.00000000
0.70000000	0.00000000	0.00000000
0.70000000	0.00000000	0.00000000
0.70000000	0.00000000	0.00000000
0.70000000	0.00000000	0.00000000
0.70000000	0.00000000	0.00000001
0.70000000	0.00000000	0.00000001
0.70000000	0.00000000	0.00000001
0.70000000	0.00000000	0.00000001
0.70000000	0.00000000	0.00000002
0.70000000	0.00000000	0.00000003
0.70000000	0.00000000	0.00000004
0.70000000	0.00000000	0.00000005
0.70000000	0.00000000	0.00000007
0.70000000	0.00000000	0.00000009
0.70000000	0.00000000	0.00000013
0.70000000	0.00000000	0.00000018
0.70000000	0.00000000	0.00000024
0.70000000	0.00000000	0.00000032
0.70000000	0.00000000	0.00000044
0.70000000	0.00000000	0.00000060
0.70000000	0.00000000	0.00000081
0.70000000	0.00000000	0.00000111
0.70000000	0.00000000	0.00000151
0.70000000	0.00000000	0.00000205
0.70000000	0.00000000	0.00000279
0.70000000	0.00000000	0.00000379
0.70000000	0.00000000	0.00000515
0.70000000	0.00000000	0.00000701
0.70000000	0.00000000	0.00000953
0.70000000	0.00000000	0.00001296
0.70000000	0.00000000	0.00001762
0.70000000	0.00000000	0.00002396
0.70000000	0.00000000	0.00003258
0.70000000	0.00000000	0.00004431
0.70000000	0.00000000	0.00006026
0.70000000	0.00000000	0.00008195
0.70000000	0.00000000	0.00011144
0.70000000	0.00000000	0.00015155
0.70000000	0.00000000	0.00020609
0.70000000	0.00000000	0.00028027
0.70000000	0.00000000	0.00038113
0.70000000	0.00000000	0.00051829
0.70000000	0.00000001	0.00070479
0.70000000	0.00000001	0.00095840
0.70000000	0.00000003	0.00130323
0.70000000	0.00000009	0.00177208
0.70000000	0.00000023	0.00240949
0.70000000	0.00000060	0.00327600
0.70000000	0.00000159	0.00445377
0.70000000	0.00000423	0.00605433
0.70000000	0.00001126	0.00822890
0.70000000	0.00002980	0.01118233
0.70000000	0.00007781	0.01519175
0.70000000	0.00019902	0.02063131
0.70000000	0.00049430	0.02800487
0.70000000	0.00118009	0.03798856
0.70000000	0.00267728	0.05148528
0.70000000	0.00569668	0.06969281
0.70000000	0.01119985	0.09418577
0.70000000	0.02000297	0.12700841
0.70000000	0.03183533	0.17076925
0.70000000	0.04417669	0.22871750
0.70000000	0.05214919	0.30476469
0.70000000	0.05093247	0.40339249
0.70000000	0.03988568	0.52936573
0.70000000	0.02417567	0.68716232
0.70000000	0.01090000	0.88006846
0.70000000	0.00349599	1.10900028
0.70000000	0.00075864	1.37130906
0.70000000	0.00010529	1.66003533
0.70000000	0.00000878	1.96413013
0.70000000	0.00000041	2.26989307
0.70000000	0.00000001	2.56332399
0.70000000	0.00000000	2.83258347
0.70000000	0.00000000	3.06969371
0.70000000	0.00000000	3.27103882
0.70000000	0.00000000	3.43680211
0.70000000	0.00000000	3.56982850
0.70000000	0.00000000	3.67441095
0.70000000	0.00000000	3.75531030
0.70000000	0.00000000	3.81710905
0.70000000	0.00000000	3.86386573
0.70000000	0.00000000	3.89898525
0.70000000	0.00000000	3.92522008
0.70000000	0.00000000	3.94473795
0.70000000	0.00000000	3.95921452
0.70000000	0.00000000	3.96992768
0.70000000	0.00000000	3.97784255
0.70000000	0.00000000	3.98368284
0.70000000	0.00000000	4.00000000
0.70000000	0.00100965	0.00000000
0.70000000	0.00101019	0.00000000
0.70000000	0.00101078	0.00000000
0.70000000	0.00101144	0.00000000
0.70000000	0.00101217	0.00000000
0.70000000	0.00101298	0.00000000
0.70000000	0.00101388	0.00000000
0.70000000	0.00101487	0.00000000
0.70000000	0.00101598	0.00000000
0.70000000	0.00101720	0.00000000
0.70000000	0.00101855	0.00000000
0.70000000	0.00102005	0.00000001
0.70000000	0.00102171	0.00000001
0.70000000	0.00102356	0.00000001
0.70000000	0.00102560	0.00000001
0.70000000	0.00102787	0.00000002
0.70000000	0.00103038	0.00000003
0.70000000	0.00103316	0.00000004
0.70000000	0.00103625	0.00000005
0.70000000	0.00103968	0.00000007
0.70000000	0.00104348	0.00000009
0.70000000	0.00104769	0.00000013
0.70000000	0.00105237	0.00000018
0.70000000	0.00105756	0.00000024
0.70000000	0.00106332	0.00000032
0.70000000	0.00106971	0.00000044
0.70000000	0.00107680	0.00000060
0.70000000	0.00108468	0.00000081
0.70000000	0.00109344	0.00000111
0.70000000	0.00110316	0.00000151
0.70000000	0.00111397	0.00000205
0.70000000	0.00112598	0.00000279
0.70000000	0.00113935	0.00000379
0.70000000	0.00115421	0.00000515
0.70000000	0.00117076	0.00000701
0.70000000	0.00118919	0.00000953
0.70000000	0.00120972	0.00001296
0.70000000	0.00123261	0.00001762
0.70000000	0.00125814	0.00002396
0.70000000	0.00128665	0.00003258
0.70000000	0.00131850	0.00004431
0.70000000	0.00135411	0.00006026
0.70000000	0.00139396	0.00008195
0.70000000	0.00143862	0.00011144
0.70000000	0.00148870	0.00015155
0.70000000	0.00154493	0.00020609
0.70000000	0.00160816	0.00028027
0.70000000	0.00167936	0.00038113
0.70000000	0.00175965	0.00051829
0.70000000	0.00185035	0.00070479
0.70000000	0.00195299	0.00095840
0.70000000	0.00206937	0.00130323
0.70000000	0.00220160	0.00177208
0.70000000	0.00235218	0.00240949
0.70000000	0.00252406	0.00327600
0.70000000	0.00272076	0.00445377
0.70000000	0.00294646	0.00605433
0.70000000	0.00320618	0.00822890
0.70000000	0.00350594	0.01118233
0.70000000	0.00385299	0.01519175
0.70000000	0.00425613	0.02063131
0.70000000	0.00472600	0.02800487
0.70000000	0.00527555	0.03798856
0.70000000	0.00592062	0.05148528
0.70000000	0.00668053	0.06969281
0.70000000	0.00757898	0.09418577
0.70000000	0.00864501	0.12700841
0.70000000	0.00991424	0.17076925
0.70000000	0.01143021	0.22871750
0.70000000	0.01324600	0.30476469
0.70000000	0.01542570	0.40339249
0.70000000	0.01804560	0.52936573
0.70000000	0.02119428	0.68716232
0.70000000	0.02496995	0.88006846
0.70000000	0.02947201	1.10900028
0.70000000	0.03478085	1.37130906
0.70000000	0.04091397	1.66003533
0.70000000	0.04773688	1.96413013
0.70000000	0.05478992	2.26989307
0.70000000	0.06097322	2.56332399
0.70000000	0.06404611	2.83258347
0.70000000	0.06013045	3.06969371
0.70000000	0.04454144	3.27103882
0.70000000	0.01843782	3.43680211
0.70000000	0.00112092	3.56982850
0.70000000	0.00000000	3.67441095
0.70000000	0.00000000	3.75531030
0.70000000	0.00000000	3.81710905
0.70000000	0.00000000	3.86386573
0.70000000	0.00000000	3.89898525
0.70000000	0.00000000	3.92522008
0.70000000	0.00000000	3.94473795
0.70000000	0.00000000	3.95921452
0.70000000	0.00000000	3.96992768
0.70000000	0.00000000	3.97784255
0.70000000	0.00000000	3.98368284
0.70000000	0.00000000	4.00000000
0.75000000	0.00000000	0.00000000
0.75000000	0.00000000	0.00000000
0.75000000	0.00000000	0.00000000
0.75000000	0.00000000	0.00000000
0.75000000	0.00000000	0.00000000
0.75000000	0.00000000	0.00000000
0.75000000	0.00000000	0.00000000
0.75000000	0.00000000	0.00000000
0.75000000	0.00000000	0.00000000
0.75000000	0.00000000	0.00000000
0.75000000	0.00000000	0.00000000
0.75000000	0.00000000	0.00000001
0.75000000	0.00000000	0.00000001
0.75000000	0.00000000	0.00000001
0.75000000	0.00000000	0.00000001
0.75000000	0.00000000	0.00000002
0.75000000	0.00000000	0.00000003
0.75000000	0.00000000	0.00000004
0.75000000	0.00000000	0.00000005
0.75000000	0.00000000	0.00000007
0.75000000	0.00000000	0.00000009
0.75000000	0.00000000	0.00000013
0.75000000	0.00000000	0.00000018
0.75000000	0.00000000	0.00000024
0.75000000	0.00000000	0.00000032
0.75000000	0.00000000	0.00000044
0.75000000	0.00000000	0.00000060
0.75000000	0.00000000	0.00000081
0.75000000	0.00000000	0.00000111
0.75000000	0.00000000	0.00000151
0.75000000	0.00000000	0.00000205
0.75000000	0.00000000	0.00000279
0.75000000	0.00000000	0.00000379
0.75000000	0.00000000	0.00000515
0.75000000	0.00000000	0.00000701
0.75000000	0.00000000	0.00000953
0.75000000	0.00000000	0.00001296
0.75000000	0.00000000	0.00001762
0.75000000	0.00000000	0.00002396
0.75000000	0.00000000	0.00003258
0.75000000	0.00000000	0.00004431
0.75000000	0.00000000	0.00006026
0.75000000	0.00000000	0.00008195
0.75000000	0.00000000	0.00011144
0.75000000	0.00000000	0.00015155
0.75000000	0.00000000	0.00020609
0.75000000	0.00000000	0.00028027
0.75000000	0.00000000	0.00038113
0.75000000	0.00000000	0.00051829
0.75000000	0.00000000	0.00070479
0.75000000	0.00000001	0.00095840
0.75000000	0.00000003	0.00130323
0.75000000	0.00000007	0.00177208
0.75000000	0.00000019	0.00240949
0.75000000	0.00000050	0.00327600
0.75000000	0.00000132	0.00445377
0.75000000	0.00000352	0.00605433
0.75000000	0.00000939	0.00822890
0.75000000	0.00002483	0.01118233
0.75000000	0.00006484	0.01519175
0.75000000	0.00016585	0.02063131
0.75000000	0.00041191	0.02800487
0.75000000	0.00098341	0.03798856
0.75000000	0.00223107	0.05148528
0.75000000	0.00474724	0.06969281
0.75000000	0.00933321	0.09418577
0.75000000	0.01666914	0.12700841
0.75000000	0.02652944	0.17076925
0.75000000	0.03681391	0.22871750
0.75000000	0.04345766	0.30476469
0.75000000	0.04244372	0.40339249
0.75000000	0.03323807	0.52936573
0.75000000	0.02014639	0.68716232
0.75000000	0.00908333	0.88006846
0.75000000	0.00291332	1.10900028
0.75000000	0.00063220	1.37130906
0.75000000	0.00008774	1.66003533
0.75000000	0.00000731	1.96413013
0.75000000	0.00000034	2.26989307
0.75000000	0.00000001	2.56332399
0.75000000	0.00000000	2.83258347
0.75000000	0.00000000	3.06969371
0.75000000	0.00000000	3.27103882
0.75000000	0.00000000	3.43680211
0.75000000	0.00000000	3.56982850
0.75000000	0.00000000	3.67441095
0.75000000	0.00000000	3.75531030
0.75000000	0.00000000	3.81710905
0.75000000	0.00000000	3.86386573
0.75000000	0.00000000	3.89898525
0.75000000	0.00000000	3.92522008
0.75000000	0.00000000	3.94473795
0.75000000	0.00000000	3.95921452
0.75000000	0.00000000	3.96992768
0.75000000	0.00000000	3.97784255
0.75000000	0.00000000	3.98368284
0.75000000	0.00000000	4.00000000
0.75000000	0.00108177	0.00000000
0.75000000	0.00108234	0.00000000
0.75000000	0.00108298	0.00000000
0.75000000	0.00108369	0.00000000
0.75000000	0.00108447	0.00000000
0.75000000	0.00108534	0.00000000
0.75000000	0.00108630	0.00000000
0.75000000	0.00108736	0.00000000
0.75000000	0.00108854	0.00000000
0.75000000	0.00108985	0.00000000
0.75000000	0.00109130	0.00000000
0.75000000	0.00109291	0.00000001
0.75000000	0.00109469	0.00000001
0.75000000	0.00109667	0.00000001
0.75000000	0.00109886	0.00000001
0.75000000	0.00110128	0.00000002
0.75000000	0.00110398	0.00000003
0.75000000	0.00110696	0.00000004
0.75000000	0.00111027	0.00000005
0.75000000	0.00111394	0.00000007
0.75000000	0.00111801	0.00000009
0.75000000	0.00112253	0.00000013
0.75000000	0.00112754	0.00000018
0.75000000	0.00113310	0.00000024
0.75000000	0.00113927	0.00000032
0.75000000	0.00114611	0.00000044
0.75000000	0.00115372	0.00000060
0.75000000	0.00116216	0.00000081
0.75000000	0.00117154	0.00000111
0.75000000	0.00118196	0.00000151
0.75000000	0.00119354	0.00000205
0.75000000	0.00120641	0.00000279
0.75000000	0.00122073	0.00000379
0.75000000	0.00123666	0.00000515
0.75000000	0.00125439	0.00000701
0.75000000	0.00127413	0.00000953
0.75000000	0.00129613	0.00001296
0.75000000	0.00132065	0.00001762
0.75000000	0.00134801	0.00002396
0.75000000	0.00137855	0.00003258
0.75000000	0.00141268	0.00004431
0.75000000	0.00145083	0.00006026
0.75000000	0.00149353	0.00008195
0.75000000	0.00154137	0.00011144
0.75000000	0.00159503	0.00015155
0.75000000	0.00165528	0.00020609
0.75000000	0.00172303	0.00028027
0.75000000	0.00179931	0.00038113
0.75000000	0.00188534	0.00051829
0.75000000	0.00198252	0.00070479
0.75000000	0.00209249	0.00095840
0.75000000	0.00221718	0.00130323
0.75000000	0.00235886	0.00177208
0.75000000	0.00252020	0.00240949
0.75000000	0.00270436	0.00327600
0.75000000	0.00291510	0.00445377
0.75000000	0.00315692	0.00605433
0.75000000	0.00343519	0.00822890
0.75000000	0.00375636	0.01118233
0.75000000	0.00412821	0.01519175
0.75000000	0.00456014	0.02063131
0.75000000	0.00506357	0.02800487
0.75000000	0.00565238	0.03798856
0.75000000	0.00634352	0.05148528
0.75000000	0.00715771	0.06969281
0.75000000	0.00812034	0.09418577
0.75000000	0.00926251	0.12700841
0.75000000	0.01062240	0.17076925
0.75000000	0.01224666	0.22871750
0.75000000	0.01419215	0.30476469
0.75000000	0.01652753	0.40339249
0.75000000	0.01933457	0.52936573
0.75000000	0.02270816	0.68716232
0.75000000	0.02675351	0.88006846
0.75000000	0.03157715	1.10900028
0.75000000	0.03726519	1.37130906
0.75000000	0.04383640	1.66003533
0.75000000	0.05114666	1.96413013
0.75000000	0.05870348	2.26989307
0.75000000	0.06532845	2.56332399
0.75000000	0.06862083	2.83258347
0.75000000	0.06442548	3.06969371
0.75000000	0.04772297	3.27103882
0.75000000	0.01975481	3.43680211
0.75000000	0.00120099	3.56982850
0.75000000	0.00000000	3.67441095
0.75000000	0.00000000	3.75531030
0.75000000	0.00000000	3.81710905
0.75000000	0.00000000	3.86386573
0.75000000	0.00000000	3.89898525
0.75000000	0.00000000	3.92522008
0.75000000	0.00000000	3.94473795
0.75000000	0.00000000	3.95921452
0.75000000	0.00000000	3.96992768
0.75000000	0.00000000	3.97784255
0.75000000	0.00000000	3.98368284
0.75000000	0.00000000	4.00000000
0.80000000	0.00000000	0.00000000
0.80000000	0.00000000	0.00000000
0.80000000	0.00000000	0.00000000
0.80000000	0.00000000	0.00000000
0.80000000	0.00000000	0.00000000
0.80000000	0.00000000	0.00000000
0.80000000	0.00000000	0.00000000
0.80000000	0.00000000	0.00000000
0.80000000	0.00000000	0.00000000
0.80000000	0.00000000	0.00000000
0.80000000	0.00000000	0.00000000
0.80000000	0.00000000	0.00000001
0.80000000	0.00000000	0.00000001
0.80000000	0.00000000	0.00000001
0.80000000	0.00000000	0.00000001
0.80000000	0.00000000	0.00000002
0.80000000	0.00000000	0.00000003
0.80000000	0.00000000	0.00000004
0.80000000	0.00000000	0.00000005
0.80000000	0.00000000	0.00000007
0.80000000	0.00000000	0.00000009
0.80000000	0.00000000	0.00000013
0.80000000	0.00000000	0.00000018
0.80000000	0.00000000	0.00000024
0.80000000	0.00000000	0.00000032
0.80000000	0.00000000	0.00000044
0.80000000	0.00000000	0.00000060
0.80000000	0.00000000	0.00000081
0.80000000	0.00000000	0.00000111
0.80000000	0.00000000	0.00000151
0.80000000	0.00000000	0.00000205
0.80000000	0.00000000	0.00000279
0.80000000	0.00000000	0.00000379
0.80000000	0.00000000	0.00000515
0.80000000	0.00000000	0.00000701
0.80000000	0.00000000	0.00000953
0.80000000	0.00000000	0.00001296
0.80000000	0.00000000	0.00001762
0.80000000	0.00000000	0.00002396
0.80000000	0.00000000	0.00003258
0.80000000	0.00000000	0.00004431
0.80000000	0.00000000	0.00006026
0.80000000	0.00000000	0.00008195
0.80000000	0.00000000	0.00011144
0.80000000	0.00000000	0.00015155
0.80000000	0.00000000	0.00020609
0.80000000	0.00000000	0.00028027
0.80000000	0.00000000	0.00038113
0.80000000	0.00000000	0.00051829
0.80000000	0.00000000	0.00070479
0.80000000	0.00000001	0.00095840
0.80000000	0.00000002	0.00130323
0.80000000	0.00000006	0.00177208
0.80000000	0.00000015	0.00240949
0.80000000	0.00000040	0.00327600
0.80000000	0.00000106	0.00445377
0.80000000	0.00000282	0.00605433
0.80000000	0.00000751	0.00822890
0.80000000	0.00001986	0.01118233
0.80000000	0.00005187	0.01519175
0.80000000	0.00013268	0.02063131
0.80000000	0.00032953	0.02800487
0.80000000	0.00078673	0.03798856
0.80000000	0.00178486	0.05148528
0.80000000	0.00379779	0.06969281
0.80000000	0.00746657	0.09418577
0.80000000	0.01333531	0.12700841
0.80000000	0.02122355	0.17076925
0.80000000	0.02945113	0.22871750
0.80000000	0.03476613	0.30476469
0.80000000	0.03395498	0.40339249
0.80000000	0.02659045	0.52936573
0.80000000	0.01611711	0.68716232
0.80000000	0.00726666	0.88006846
0.80000000	0.00233066	1.10900028
0.80000000	0.00050576	1.37130906
0.80000000	0.00007019	1.66003533
0.80000000	0.00000585	1.96413013
0.80000000	0.00000027	2.26989307
0.80000000	0.00000001	2.56332399
0.80000000	0.00000000	2.83258347
0.80000000	0.00000000	3.06969371
0.80000000	0.00000000	3.27103882
0.80000000	0.00000000	3.43680211
0.80000000	0.00000000	3.56982850
0.80000000	0.00000000	3.67441095
0.80000000	0.00000000	3.75531030
0.80000000	0.00000000	3.81710905
0.80000000	0.00000000	3.86386573
0.80000000	0.00000000	3.89898525
0.80000000	0.00000000	3.92522008
0.80000000	0.00000000	3.94473795
0.80000000	0.00000000	3.95921452
0.80000000	0.00000000	3.96992768
0.80000000	0.00000000	3.97784255
0.80000000	0.00000000	3.98368284
0.80000000	0.00000000	4.00000000
0.80000000	0.00115389	0.00000000
0.80000000	0.00115450	0.00000000
0.80000000	0.00115518	0.00000000
0.80000000	0.00115593	0.00000000
0.80000000	0.00115677	0.00000000
0.80000000	0.00115769	0.00000000
0.80000000	0.00115872	0.00000000
0.80000000	0.00115986	0.00000000
0.80000000	0.00116111	0.00000000
0.80000000	0.00116251	0.00000000
0.80000000	0.00116406	0.00000000
0.80000000	0.00116577	0.00000001
0.80000000	0.00116767	0.00000001
0.80000000	0.00116978	0.00000001
0.80000000	0.00117211	0.00000001
0.80000000	0.00117470	0.00000002
0.80000000	0.00117757	0.00000003
0.80000000	0.00118076	0.00000004
0.80000000	0.00118429	0.00000005
0.80000000	0.00118820	0.00000007
0.80000000	0.00119255	0.00000009
0.80000000	0.00119736	0.00000013
0.80000000	0.00120271	0.00000018
0.80000000	0.00120864	0.00000024
0.80000000	0.00121522	0.00000032
0.80000000	0.00122252	0.00000044
0.80000000	0.00123063	0.00000060
0.80000000	0.00123964	0.00000081
0.80000000	0.00124964	0.00000111
0.80000000	0.00126076	0.00000151
0.80000000	0.00127311	0.00000205
0.80000000	0.00128684	0.00000279
0.80000000	0.00130211	0.00000379
0.80000000	0.00131910	0.00000515
0.80000000	0.00133801	0.00000701
0.80000000	0.00135907	0.00000953
0.80000000	0.00138254	0.00001296
0.80000000	0.00140870	0.00001762
0.80000000	0.00143788	0.00002396
0.80000000	0.00147046	0.00003258
0.80000000	0.00150686	0.00004431
0.80000000	0.00154755	0.00006026
0.80000000	0.00159310	0.00008195
0.80000000	0.00164413	0.00011144
0.80000000	0.00170137	0.00015155
0.80000000	0.00176564	0.00020609
0.80000000	0.00183790	0.00028027
0.80000000	0.00191927	0.00038113
0.80000000	0.00201103	0.00051829
0.80000000	0.00211469	0.00070479
0.80000000	0.00223199	0.00095840
0.80000000	0.00236500	0.00130323
0.80000000	0.00251612	0.00177208
0.80000000	0.00268821	0.00240949
0.80000000	0.00288465	0.00327600
0.80000000	0.00310944	0.00445377
0.80000000	0.00336738	0.00605433
0.80000000	0.00366420	0.00822890
0.80000000	0.00400678	0.01118233
0.80000000	0.00440342	0.01519175
0.80000000	0.00486415	0.02063131
0.80000000	0.00540114	0.02800487
0.80000000	0.00602920	0.03798856
0.80000000	0.00676642	0.05148528
0.80000000	0.00763489	0.06969281
0.80000000	0.00866169	0.09418577
0.80000000	0.00988002	0.12700841
0.80000000	0.01133056	0.17076925
0.80000000	0.01306310	0.22871750
0.80000000	0.01513829	0.30476469
0.80000000	0.01762937	0.40339249
0.80000000	0.02062354	0.52936573
0.80000000	0.02422204	0.68716232
0.80000000	0.02853708	0.88006846
0.80000000	0.03368230	1.10900028
0.80000000	0.03974954	1.37130906
0.80000000	0.04675883	1.66003533
0.80000000	0.05455643	1.96413013
0.80000000	0.06261705	2.26989307
0.80000000	0.06968368	2.56332399
0.80000000	0.07319555	2.83258347
0.80000000	0.06872051	3.06969371
0.80000000	0.05090450	3.27103882
0.80000000	0.02107180	3.43680211
0.80000000	0.00128105	3.56982850
0.80000000	0.00000000	3.67441095
0.80000000	0.00000000	3.75531030
0.80000000	0.00000000	3.81710905
0.80000000	0.00000000	3.86386573
0.80000000	0.00000000	3.89898525
0.80000000	0.00000000	3.92522008
0.80000000	0.00000000	3.94473795
0.80000000	0.00000000	3.95921452
0.80000000	0.00000000	3.96992768
0.80000000	0.00000000	3.97784255
0.80000000	0.00000000	3.98368284
0.80000000	0.00000000	4.00000000
0.85000000	0.00000000	0.00000000
0.85000000	0.00000000	0.00000000
0.85000000	0.00000000	0.00000000
0.85000000	0.00000000	0.00000000
0.85000000	0.00000000	0.00000000
0.85000000	0.00000000	0.00000000
0.85000000	0.00000000	0.00000000
0.85000000	0.00000000	0.00000000
0.85000000	0.00000000	0.00000000
0.85000000	0.00000000	0.00000000
0.85000000	0.00000000	0.00000000
0.85000000	0.00000000	0.00000001
0.85000000	0.00000000	0.00000001
0.85000000	0.00000000	0.00000001
0.85000000	0.00000000	0.00000001
0.85000000	0.00000000	0.00000002
0.85000000	0.00000000	0.00000003
0.85000000	0.00000000	0.00000004
0.85000000	0.00000000	0.00000005
0.85000000	0.00000000	0.00000007
0.85000000	0.00000000	0.00000009
0.85000000	0.00000000	0.00000013
0.85000000	0.00000000	0.00000018
0.85000000	0.00000000	0.00000024
0.85000000	0.00000000	0.00000032
0.85000000	0.00000000	0.00000044
0.85000000	0.00000000	0.00000060
0.85000000	0.00000000	0.00000081
0.85000000	0.00000000	0.00000111
0.85000000	0.00000000	0.00000151
0.85000000	0.00000000	0.00000205
0.85000000	0.00000000	0.00000279
0.85000000	0.00000000	0.00000379
0.85000000	0.00000000	0.00000515
0.85000000	0.00000000	0.00000701
0.85000000	0.00000000	0.00000953
0.85000000	0.00000000	0.00001296
0.85000000	0.00000000	0.00001762
0.85000000	0.00000000	0.00002396
0.85000000	0.00000000	0.00003258
0.85000000	0.00000000	0.00004431
0.85000000	0.00000000	0.00006026
0.85000000	0.00000000	0.00008195
0.85000000	0.00000000	0.00011144
0.85000000	0.00000000	0.00015155
0.85000000	0.00000000	0.00020609
0.85000000	0.00000000	0.00028027
0.85000000	0.00000000	0.00038113
0.85000000	0.00000000	0.00051829
0.85000000	0.00000000	0.00070479
0.85000000	0.00000001	0.00095840
0.85000000	0.00000002	0.00130323
0.85000000	0.00000004	0.00177208
0.85000000	0.00000011	0.00240949
0.85000000	0.00000030	0.00327600
0.85000000	0.00000079	0.00445377
0.85000000	0.00000211	0.00605433
0.85000000	0.00000563	0.00822890
0.85000000	0.00001490	0.01118233
0.85000000	0.00003890	0.01519175
0.85000000	0.00009951	0.02063131
0.85000000	0.00024715	0.02800487
0.85000000	0.00059005	0.03798856
0.85000000	0.00133864	0.05148528
0.85000000	0.00284834	0.06969281
0.85000000	0.00559993	0.09418577
0.85000000	0.01000148	0.12700841
0.85000000	0.01591766	0.17076925
0.85000000	0.02208835	0.22871750
0.85000000	0.02607460	0.30476469
0.85000000	0.02546623	0.40339249
0.85000000	0.01994284	0.52936573
0.85000000	0.01208784	0.68716232
0.85000000	0.00545000	0.88006846
0.85000000	0.00174799	1.10900028
0.85000000	0.00037932	1.37130906
0.85000000	0.00005265	1.66003533
0.85000000	0.00000439	1.96413013
0.85000000	0.00000020	2.26989307
0.85000000	0.00000000	2.56332399
0.85000000	0.00000000	2.83258347
0.85000000	0.00000000	3.06969371
0.85000000	0.00000000	3.27103882
0.85000000	0.00000000	3.43680211
0.85000000	0.00000000	3.56982850
0.85000000	0.00000000	3.67441095
0.85000000	0.00000000	3.75531030
0.85000000	0.00000000	3.81710905
0.85000000	0.00000000	3.86386573
0.85000000	0.00000000	3.89898525
0.85000000	0.00000000	3.92522008
0.85000000	0.00000000	3.94473795
0.85000000	0.00000000	3.95921452
0.85000000	0.00000000	3.96992768
0.85000000	0.00000000	3.97784255
0.85000000	0.00000000	3.98368284
0.85000000	0.00000000	4.00000000
0.85000000	0.00122601	0.00000000
0.85000000	0.00122666	0.00000000
0.85000000	0.00122738	0.00000000
0.85000000	0.00122818	0.00000000
0.85000000	0.00122907	0.00000000
0.85000000	0.00123005	0.00000000
0.85000000	0.00123114	0.00000000
0.85000000	0.00123235	0.00000000
0.85000000	0.00123368	0.00000000
0.85000000	0.00123517	0.00000000
0.85000000	0.00123681	0.00000000
0.85000000	0.00123863	0.00000001
0.85000000	0.00124065	0.00000001
0.85000000	0.00124289	0.00000001
0.85000000	0.00124537	0.00000001
0.85000000	0.00124812	0.00000002
0.85000000	0.00125117	0.00000003
0.85000000	0.00125455	0.00000004
0.85000000	0.00125831	0.00000005
0.85000000	0.00126247	0.00000007
0.85000000	0.00126708	0.00000009
0.85000000	0.00127220	0.00000013
0.85000000	0.00127788	0.00000018
0.85000000	0.00128418	0.00000024
0.85000000	0.00129117	0.00000032
0.85000000	0.00129893	0.00000044
0.85000000	0.00130755	0.00000060
0.85000000	0.00131712	0.00000081
0.85000000	0.00132774	0.00000111
0.85000000	0.00133955	0.00000151
0.85000000	0.00135268	0.00000205
0.85000000	0.00136727	0.00000279
0.85000000	0.00138349	0.00000379
0.85000000	0.00140154	0.00000515
0.85000000	0.00142164	0.00000701
0.85000000	0.00144401	0.00000953
0.85000000	0.00146895	0.00001296
0.85000000	0.00149674	0.00001762
0.85000000	0.00152775	0.00002396
0.85000000	0.00156236	0.00003258
0.85000000	0.00160103	0.00004431
0.85000000	0.00164428	0.00006026
0.85000000	0.00169267	0.00008195
0.85000000	0.00174689	0.00011144
0.85000000	0.00180770	0.00015155
0.85000000	0.00187599	0.00020609
0.85000000	0.00195277	0.00028027
0.85000000	0.00203922	0.00038113
0.85000000	0.00213672	0.00051829
0.85000000	0.00224686	0.00070479
0.85000000	0.00237149	0.00095840
0.85000000	0.00251281	0.00130323
0.85000000	0.00267338	0.00177208
0.85000000	0.00285622	0.00240949
0.85000000	0.00306494	0.00327600
0.85000000	0.00330378	0.00445377
0.85000000	0.00357785	0.00605433
0.85000000	0.00389322	0.00822890
0.85000000	0.00425721	0.01118233
0.85000000	0.00467863	0.01519175
0.85000000	0.00516816	0.02063131
0.85000000	0.00573871	0.02800487
0.85000000	0.00640603	0.03798856
0.85000000	0.00718932	0.05148528
0.85000000	0.00811207	0.06969281
0.85000000	0.00920305	0.09418577
0.85000000	0.01049752	0.12700841
0.85000000	0.01203872	0.17076925
0.85000000	0.01387955	0.22871750
0.85000000	0.01608443	0.30476469
0.85000000	0.01873120	0.40339249
0.85000000	0.02191251	0.52936573
0.85000000	0.02573591	0.68716232
0.85000000	0.03032065	0.88006846
0.85000000	0.03578744	1.10900028
0.85000000	0.04223388	1.37130906
0.85000000	0.04968125	1.66003533
0.85000000	0.05796621	1.96413013
0.85000000	0.06653062	2.26989307
0.85000000	0.07403891	2.56332399
0.85000000	0.07777027	2.83258347
0.85000000	0.07301555	3.06969371
0.85000000	0.05408603	3.27103882
0.85000000	0.02238878	3.43680211
0.85000000	0.00136112	3.56982850
0.85000000	0.00000000	3.67441095
0.85000000	0.00000000	3.75531030
0.85000000	0.00000000	3.81710905
0.85000000	0.00000000	3.86386573
0.85000000	0.00000000	3.89898525
0.85000000	0.00000000	3.92522008
0.85000000	0.00000000	3.94473795
0.85000000	0.00000000	3.95921452
0.85000000	0.00000000	3.96992768
0.85000000	0.00000000	3.97784255
0.85000000	0.00000000	3.98368284
0.85000000	0.00000000	4.00000000
0.90000000	0.00000000	0.00000000
0.90000000	0.00000000	0.00000000
0.90000000	0.00000000	0.00000000
0.90000000	0.00000000	0.00000000
0.90000000	0.00000000	0.00000000
0.90000000	0.00000000	0.00000000
0.90000000	0.00000000	0.00000000
0.90000000	0.00000000	0.00000000
0.90000000	0.00000000	0.00000000
0.90000000	0.00000000	0.00000000
0.90000000	0.00000000	0.00000000
0.90000000	0.00000000	0.00000001
0.90000000	0.00000000	0.00000001
0.90000000	0.00000000	0.00000001
0.90000000	0.00000000	0.00000001
0.90000000	0.00000000	0.00000002
0.90000000	0.00000000	0.00000003
0.90000000	0.00000000	0.00000004
0.90000000	0.00000000	0.00000005
0.90000000	0.00000000	0.00000007
0.90000000	0.00000000	0.00000009
0.90000000	0.00000000	0.00000013
0.90000000	0.00000000	0.00000018
0.90000000	0.00000000	0.00000024
0.90000000	0.00000000	0.00000032
0.90000000	0.00000000	0.00000044
0.90000000	0.00000000	0.00000060
0.90000000	0.00000000	0.00000081
0.90000000	0.00000000	0.00000111
0.90000000	0.00000000	0.00000151
0.90000000	0.00000000	0.00000205
0.90000000	0.00000000	0.00000279
0.90000000	0.00000000	0.00000379
0.90000000	0.00000000	0.00000515
0.90000000	0.00000000	0.00000701
0.90000000	0.00000000	0.00000953
0.90000000	0.00000000	0.00001296
0.90000000	0.00000000	0.00001762
0.90000000	0.00000000	0.00002396
0.90000000	0.00000000	0.00003258
0.90000000	0.00000000	0.00004431
0.90000000	0.00000000	0.00006026
0.90000000	0.00000000	0.00008195
0.90000000	0.00000000	0.00011144
0.90000000	0.00000000	0.00015155
0.90000000	0.00000000	0.00020609
0.90000000	0.00000000	0.00028027
0.90000000	0.00000000	0.00038113
0.90000000	0.00000000	0.00051829
0.90000000	0.00000000	0.00070479
0.90000000	0.00000000	0.00095840
0.90000000	0.00000001	0.00130323
0.90000000	0.00000003	0.00177208
0.90000000	0.00000008	0.00240949
0.90000000	0.00000020	0.00327600
0.90000000	0.00000053	0.00445377
0.90000000	0.00000141	0.00605433
0.90000000	0.00000375	0.00822890
0.90000000	0.00000993	0.01118233
0.90000000	0.00002594	0.01519175
0.90000000	0.00006634	0.02063131
0.90000000	0.00016477	0.02800487
0.90000000	0.00039336	0.03798856
0.90000000	0.00089243	0.05148528
0.90000000	0.00189889	0.06969281
0.90000000	0.00373328	0.09418577
0.90000000	0.00666766	0.12700841
0.90000000	0.01061178	0.17076925
0.90000000	0.01472556	0.22871750
0.90000000	0.01738306	0.30476469
0.90000000	0.01697749	0.40339249
0.90000000	0.01329523	0.52936573
0.90000000	0.00805856	0.68716232
0.90000000	0.00363333	0.88006846
0.90000000	0.00116533	1.10900028
0.90000000	0.00025288	1.37130906
0.90000000	0.00003510	1.66003533
0.90000000	0.00000293	1.96413013
0.90000000	0.00000014	2.26989307
0.90000000	0.00000000	2.56332399
0.90000000	0.00000000	2.83258347
0.90000000	0.00000000	3.06969371
0.90000000	0.00000000	3.27103882
0.90000000	0.00000000	3.43680211
0.90000000	0.00000000	3.56982850
0.90000000	0.00000000	3.67441095
0.90000000	0.00000000	3.75531030
0.90000000	0.00000000	3.81710905
0.90000000	0.00000000	3.86386573
0.90000000	0.00000000	3.89898525
0.90000000	0.00000000	3.92522008
0.90000000	0.00000000	3.94473795
0.90000000	0.00000000	3.95921452
0.90000000	0.00000000	3.96992768
0.90000000	0.00000000	3.97784255
0.90000000	0.00000000	3.98368284
0.90000000	0.00000000	4.00000000
0.90000000	0.00129812	0.00000000
0.90000000	0.00129881	0.00000000
0.90000000	0.00129958	0.00000000
0.90000000	0.00130043	0.00000000
0.90000000	0.00130136	0.00000000
0.90000000	0.00130241	0.00000000
0.90000000	0.00130356	0.00000000
0.90000000	0.00130484	0.00000000
0.90000000	0.00130625	0.00000000
0.90000000	0.00130782	0.00000000
0.90000000	0.00130956	0.00000000
0.90000000	0.00131149	0.00000001
0.90000000	0.00131363	0.00000001
0.90000000	0.00131600	0.00000001
0.90000000	0.00131863	0.00000001
0.90000000	0.00132154	0.00000002
0.90000000	0.00132477	0.00000003
0.90000000	0.00132835	0.00000004
0.90000000	0.00133232	0.00000005
0.90000000	0.00133673	0.00000007
0.90000000	0.00134161	0.00000009
0.90000000	0.00134703	0.00000013
0.90000000	0.00135304	0.00000018
0.90000000	0.00135972	0.00000024
0.90000000	0.00136712	0.00000032
0.90000000	0.00137534	0.00000044
0.90000000	0.00138446	0.00000060
0.90000000	0.00139459	0.00000081
0.90000000	0.00140585	0.00000111
0.90000000	0.00141835	0.00000151
0.90000000	0.00143225	0.00000205
0.90000000	0.00144769	0.00000279
0.90000000	0.00146487	0.00000379
0.90000000	0.00148399	0.00000515
0.90000000	0.00150526	0.00000701
0.90000000	0.00152896	0.00000953
0.90000000	0.00155535	0.00001296
0.90000000	0.00158478	0.00001762
0.90000000	0.00161761	0.00002396
0.90000000	0.00165427	0.00003258
0.90000000	0.00169521	0.00004431
0.90000000	0.00174100	0.00006026
0.90000000	0.00179224	0.00008195
0.90000000	0.00184965	0.00011144
0.90000000	0.00191404	0.00015155
0.90000000	0.00198634	0.00020609
0.90000000	0.00206764	0.00028027
0.90000000	0.00215918	0.00038113
0.90000000	0.00226241	0.00051829
0.90000000	0.00237902	0.00070479
0.90000000	0.00251099	0.00095840
0.90000000	0.00266062	0.00130323
0.90000000	0.00283063	0.00177208
0.90000000	0.00302424	0.00240949
0.90000000	0.00324523	0.00327600
0.90000000	0.00349812	0.00445377
0.90000000	0.00378831	0.00605433
0.90000000	0.00412223	0.00822890
0.90000000	0.00450763	0.01118233
0.90000000	0.00495385	0.01519175
0.90000000	0.00547217	0.02063131
0.90000000	0.00607628	0.02800487
0.90000000	0.00678285	0.03798856
0.90000000	0.00761222	0.05148528
0.90000000	0.00858925	0.06969281
0.90000000	0.00974440	0.09418577
0.90000000	0.01111502	0.12700841
0.90000000	0.01274688	0.17076925
0.90000000	0.01469599	0.22871750
0.90000000	0.01703057	0.30476469
0.90000000	0.01983304	0.40339249
0.90000000	0.02320149	0.52936573
0.90000000	0.02724979	0.68716232
0.90000000	0.03210422	0.88006846
0.90000000	0.03789258	1.10900028
0.90000000	0.04471823	1.37130906
0.90000000	0.05260368	1.66003533
0.90000000	0.06137599	1.96413013
0.90000000	0.07044418	2.26989307
0.90000000	0.07839414	2.56332399
0.90000000	0.08234499	2.83258347
0.90000000	0.07731058	3.06969371
0.90000000	0.05726756	3.27103882
0.90000000	0.02370577	3.43680211
0.90000000	0.00144118	3.56982850
0.90000000	0.00000000	3.67441095
0.90000000	0.00000000	3.75531030
0.90000000	0.00000000	3.81710905
0.90000000	0.00000000	3.86386573
0.90000000	0.00000000	3.89898525
0.90000000	0.00000000	3.92522008
0.90000000	0.00000000	3.94473795
0.90000000	0.00000000	3.95921452
0.90000000	0.00000000	3.96992768
0.90000000	0.00000000	3.97784255
0.90000000	0.00000000	3.98368284
0.90000000	0.00000000	4.00000000
0.95000000	0.00000000	0.00000000
0.95000000	0.00000000	0.00000000
0.95000000	0.00000000	0.00000000
0.95000000	0.00000000	0.00000000
0.95000000	0.00000000	0.00000000
0.95000000	0.00000000	0.00000000
0.95000000	0.00000000	0.00000000
0.95000000	0.00000000	0.00000000
0.95000000	0.00000000	0.00000000
0.95000000	0.00000000	0.00000000
0.95000000	0.00000000	0.00000000
0.95000000	0.00000000	0.00000001
0.95000000	0.00000000	0.00000001
0.95000000	0.00000000	0.00000001
0.95000000	0.00000000	0.00000001
0.95000000	0.00000000	0.00000002
0.95000000	0.00000000	0.00000003
0.95000000	0.00000000	0.00000004
0.95000000	0.00000000	0.00000005
0.95000000	0.00000000	0.00000007
0.95000000	0.00000000	0.00000009
0.95000000	0.00000000	0.00000013
0.95000000	0.00000000	0.00000018
0.95000000	0.00000000	0.00000024
0.95000000	0.00000000	0.00000032
0.95000000	0.00000000	0.00000044
0.95000000	0.00000000	0.00000060
0.95000000	0.00000000	0.00000081
0.95000000	0.00000000	0.00000111
0.95000000	0.00000000	0.00000151
0.95000000	0.00000000	0.00000205
0.95000000	0.00000000	0.00000279
0.95000000	0.00000000	0.00000379
0.95000000	0.00000000	0.00000515
0.95000000	0.00000000	0.00000701
0.95000000	0.00000000	0.00000953
0.95000000	0.00000000	0.00001296
0.95000000	0.00000000	0.00001762
0.95000000	0.00000000	0.00002396
0.95000000	0.00000000	0.00003258
0.95000000	0.00000000	0.00004431
0.95000000	0.00000000	0.00006026
0.95000000	0.00000000	0.00008195
0.95000000	0.00000000	0.00011144
0.95000000	0.00000000	0.00015155
0.95000000	0.00000000	0.00020609
0.95000000	0.00000000	0.00028027
0.95000000	0.00000000	0.00038113
0.95000000	0.00000000	0.00051829
0.95000000	0.00000000	0.00070479
0.95000000	0.00000000	0.00095840
0.95000000	0.00000001	0.00130323
0.95000000	0.00000001	0.00177208
0.95000000	0.00000004	0.00240949
0.95000000	0.00000010	0.00327600
0.95000000	0.00000026	0.00445377
0.95000000	0.00000070	0.00605433
0.95000000	0.00000188	0.00822890
0.95000000	0.00000497	0.01118233
0.95000000	0.00001297	0.01519175
0.95000000	0.00003317	0.02063131
0.95000000	0.00008238	0.02800487
0.95000000	0.00019668	0.03798856
0.95000000	0.00044621	0.05148528
0.95000000	0.00094945	0.06969281
0.95000000	0.00186664	0.09418577
0.95000000	0.00333383	0.12700841
0.95000000	0.00530589	0.17076925
0.95000000	0.00736278	0.22871750
0.95000000	0.00869153	0.30476469
0.95000000	0.00848874	0.40339249
0.95000000	0.00664761	0.52936573
0.95000000	0.00402928	0.68716232
0.95000000	0.00181667	0.88006846
0.95000000	0.00058266	1.10900028
0.95000000	0.00012644	1.37130906
0.95000000	0.00001755	1.66003533
0.95000000	0.00000146	1.96413013
0.95000000	0.00000007	2.26989307
0.95000000	0.00000000	2.56332399
0.95000000	0.00000000	2.83258347
0.95000000	0.00000000	3.06969371
0.95000000	0.00000000	3.27103882
0.95000000	0.00000000	3.43680211
0.95000000	0.00000000	3.56982850
0.95000000	0.00000000	3.67441095
0.95000000	0.00000000	3.75531030
0.95000000	0.00000000	3.81710905
0.95000000	0.00000000	3.86386573
0.95000000	0.00000000	3.89898525
0.95000000	0.00000000	3.92522008
0.95000000	0.00000000	3.94473795
0.95000000	0.00000000	3.95921452
0.95000000	0.00000000	3.96992768
0.95000000	0.00000000	3.97784255
0.95000000	0.00000000	3.98368284
0.95000000	0.00000000	4.00000000
0.95000000	0.00137024	0.00000000
0.95000000	0.00137097	0.00000000
0.95000000	0.00137178	0.00000000
0.95000000	0.00137267	0.00000000
0.95000000	0.00137366	0.00000000
0.95000000	0.00137476	0.00000000
0.95000000	0.00137598	0.00000000
0.95000000	0.00137733	0.00000000
0.95000000	0.00137882	0.00000000
0.95000000	0.00138048	0.00000000
0.95000000	0.00138232	0.00000000
0.95000000	0.00138435	0.00000001
0.95000000	0.00138661	0.00000001
0.95000000	0.00138911	0.00000001
0.95000000	0.00139189	0.00000001
0.95000000	0.00139496	0.00000002
0.95000000	0.00139837	0.00000003
0.95000000	0.00140215	0.00000004
0.95000000	0.00140634	0.00000005
0.95000000	0.00141099	0.00000007
0.95000000	0.00141615	0.00000009
0.95000000	0.00142187	0.00000013
0.95000000	0.00142821	0.00000018
0.95000000	0.00143526	0.00000024
0.95000000	0.00144307	0.00000032
0.95000000	0.00145175	0.00000044
0.95000000	0.00146138	0.00000060
0.95000000	0.00147207	0.00000081
0.95000000	0.00148395	0.00000111
0.95000000	0.00149715	0.00000151
0.95000000	0.00151181	0.00000205
0.95000000	0.00152812	0.00000279
0.95000000	0.00154626	0.00000379
0.95000000	0.00156643	0.00000515
0.95000000	0.00158889	0.00000701
0.95000000	0.00161390	0.00000953
0.95000000	0.00164176	0.00001296
0.95000000	0.00167283	0.00001762
0.95000000	0.00170748	0.00002396
0.95000000	0.00174617	0.00003258
0.95000000	0.00178939	0.00004431
0.95000000	0.00183772	0.00006026
0.95000000	0.00189181	0.00008195
0.95000000	0.00195241	0.00011144
0.95000000	0.00202037	0.00015155
0.95000000	0.00209669	0.00020609
0.95000000	0.00218251	0.00028027
0.95000000	0.00227913	0.00038113
0.95000000	0.00238810	0.00051829
0.95000000	0.00251119	0.00070479
0.95000000	0.00265049	0.00095840
0.95000000	0.00280843	0.00130323
0.95000000	0.00298789	0.00177208
0.95000000	0.00319225	0.00240949
0.95000000	0.00342552	0.00327600
0.95000000	0.00369246	0.00445377
0.95000000	0.00399877	0.00605433
0.95000000	0.00435124	0.00822890
0.95000000	0.00475806	0.01118233
0.95000000	0.00522906	0.01519175
0.95000000	0.00577618	0.02063131
0.95000000	0.00641385	0.02800487
0.95000000	0.00715968	0.03798856
0.95000000	0.00803512	0.05148528
0.95000000	0.00906643	0.06969281
0.95000000	0.01028576	0.09418577
0.95000000	0.01173252	0.12700841
0.95000000	0.01345504	0.17076925
0.95000000	0.01551243	0.22871750
0.95000000	0.01797672	0.30476469
0.95000000	0.02093487	0.40339249
0.95000000	0.02449046	0.52936573
0.95000000	0.02876367	0.68716232
0.95000000	0.03388778	0.88006846
0.95000000	0.03999773	1.10900028
0.95000000	0.04720258	1.37130906
0.95000000	0.05552611	1.66003533
0.95000000	0.06478576	1.96413013
0.95000000	0.07435775	2.26989307
0.95000000	0.08274937	2.56332399
0.95000000	0.08691972	2.83258347
0.95000000	0.08160561	3.06969371
0.95000000	0.06044909	3.27103882
0.95000000	0.02502276	3.43680211
0.95000000	0.00152125	3.56982850
0.95000000	0.00000000	3.67441095
0.95000000	0.00000000	3.75531030
0.95000000	0.00000000	3.81710905
0.95000000	0.00000000	3.86386573
0.95000000	0.00000000	3.89898525
0.95000000	0.00000000	3.92522008
0.95000000	0.00000000	3.94473795
0.95000000	0.00000000	3.95921452
0.95000000	0.00000000	3.96992768
0.95000000	0.00000000	3.97784255
0.95000000	0.00000000	3.98368284
0.95000000	0.00000000	4.00000000
1.00000000	0.00000000	0.00000000
1.00000000	0.00000000	0.00000000
1.00000000	0.00000000	0.00000000
1.00000000	0.00000000	0.00000000
1.00000000	0.00000000	0.00000000
1.00000000	0.00000000	0.00000000
1.00000000	0.00000000	0.00000000
1.00000000	0.00000000	0.00000000
1.00000000	0.00000000	0.00000000
1.00000000	0.00000000	0.00000000
1.00000000	0.00000000	0.00000000
1.00000000	0.00000000	0.00000001
1.00000000	0.00000000	0.00000001
1.00000000	0.00000000	0.00000001
1.00000000	0.00000000	0.00000001
1.00000000	0.00000000	0.00000002
1.00000000	0.00000000	0.00000003
1.00000000	0.00000000	0.00000004
1.00000000	0.00000000	0.00000005
1.00000000	0.00000000	0.00000007
1.00000000	0.00000000	0.00000009
1.00000000	0.00000000	0.00000013
1.00000000	0.00000000	0.00000018
1.00000000	0.00000000	0.00000024
1.00000000	0.00000000	0.00000032
1.00000000	0.00000000	0.00000044
1.00000000	0.00000000	0.00000060
1.00000000	0.00000000	0.00000081
1.00000000	0.00000000	0.00000111
1.00000000	0.00000000	0.00000151
1.00000000	0.00000000	0.00000205
1.00000000	0.00000000	0.00000279
1.00000000	0.00000000	0.00000379
1.00000000	0.00000000	0.00000515
1.00000000	0.00000000	0.00000701
1.00000000	0.00000000	0.00000953
1.00000000	0.00000000	0.00001296
1.00000000	0.00000000	0.00001762
1.00000000	0.00000000	0.00002396
1.00000000	0.00000000	0.00003258
1.00000000	0.00000000	0.00004431
1.00000000	0.00000000	0.00006026
1.00000000	0.00000000	0.00008195
1.00000000	0.00000000	0.00011144
1.00000000	0.00000000	0.00015155
1.00000000	0.00000000	0.00020609
1.00000000	0.00000000	0.00028027
1.00000000	0.00000000	0.00038113
1.00000000	0.00000000	0.00051829
1.00000000	0.00000000	0.00070479
1.00000000	0.00000000	0.00095840
1.00000000	0.00000000	0.00130323
1.00000000	0.00000000	0.00177208
1.00000000	0.00000000	0.00240949
1.00000000	0.00000000	0.00327600
1.00000000	0.00000000	0.00445377
1.00000000	0.00000000	0.00605433
1.00000000	0.00000000	0.00822890
1.00000000	0.00000000	0.01118233
1.00000000	0.00000000	0.01519175
1.00000000	0.00000000	0.02063131
1.00000000	0.00000000	0.02800487
1.00000000	0.00000000	0.03798856
1.00000000	0.00000000	0.05148528
1.00000000	0.00000000	0.06969281
1.00000000	0.00000000	0.09418577
1.00000000	0.00000000	0.12700841
1.00000000	0.00000000	0.17076925
1.00000000	0.00000000	0.22871750
1.00000000	0.00000000	0.30476469
1.00000000	0.00000000	0.40339249
1.00000000	0.00000000	0.52936573
1.00000000	0.00000000	0.68716232
1.00000000	0.00000000	0.88006846
1.00000000	0.00000000	1.10900028
1.00000000	0.00000000	1.37130906
1.00000000	0.00000000	1.66003533
1.00000000	0.00000000	1.96413013
1.00000000	0.00000000	2.26989307
1.00000000	0.00000000	2.56332399
1.00000000	0.00000000	2.83258347
1.00000000	0.00000000	3.06969371
1.00000000	0.00000000	3.27103882
1.00000000	0.00000000	3.43680211
1.00000000	0.00000000	3.56982850
1.00000000	0.00000000	3.67441095
1.00000000	0.00000000	3.75531030
1.00000000	0.00000000	3.81710905
1.00000000	0.00000000	3.86386573
1.00000000	0.00000000	3.89898525
1.00000000	0.00000000	3.92522008
1.00000000	0.00000000	3.94473795
1.00000000	0.00000000	3.95921452
1.00000000	0.00000000	3.96992768
1.00000000	0.00000000	3.97784255
1.00000000	0.00000000	3.98368284
1.00000000	0.00000000	4.00000000
1.00000000	0.00144236	0.00000000
1.00000000	0.00144313	0.00000000
1.00000000	0.00144398	0.00000000
1.00000000	0.00144492	0.00000000
1.00000000	0.00144596	0.00000000
1.00000000	0.00144712	0.00000000
1.00000000	0.00144840	0.00000000
1.00000000	0.00144982	0.00000000
1.00000000	0.00145139	0.00000000
1.00000000	0.00145314	0.00000000
1.00000000	0.00145507	0.00000000
1.00000000	0.00145721	0.00000001
1.00000000	0.00145959	0.00000001
1.00000000	0.00146222	0.00000001
1.00000000	0.00146514	0.00000001
1.00000000	0.00146838	0.00000002
1.00000000	0.00147197	0.00000003
1.00000000	0.00147595	0.00000004
1.00000000	0.00148036	0.00000005
1.00000000	0.00148525	0.00000007
1.00000000	0.00149068	0.00000009
1.00000000	0.00149670	0.00000013
1.00000000	0.00150338	0.00000018
1.00000000	0.00151080	0.00000024
1.00000000	0.00151902	0.00000032
1.00000000	0.00152815	0.00000044
1.00000000	0.00153829	0.00000060
1.00000000	0.00154955	0.00000081
1.00000000	0.00156205	0.00000111
1.00000000	0.00157594	0.00000151
1.00000000	0.00159138	0.00000205
1.00000000	0.00160855	0.00000279
1.00000000	0.00162764	0.00000379
1.00000000	0.00164888	0.00000515
1.00000000	0.00167252	0.00000701
1.00000000	0.00169884	0.00000953
1.00000000	0.00172817	0.00001296
1.00000000	0.00176087	0.00001762
1.00000000	0.00179735	0.00002396
1.00000000	0.00183807	0.00003258
1.00000000	0.00188357	0.00004431
1.00000000	0.00193444	0.00006026
1.00000000	0.00199138	0.00008195
1.00000000	0.00205517	0.00011144
1.00000000	0.00212671	0.00015155
1.00000000	0.00220704	0.00020609
1.00000000	0.00229737	0.00028027
1.00000000	0.00239908	0.00038113
1.00000000	0.00251379	0.00051829
1.00000000	0.00264336	0.00070479
1.00000000	0.00278999	0.00095840
1.00000000	0.00295624	0.00130323
1.00000000	0.00314515	0.00177208
1.00000000	0.00336026	0.00240949
1.00000000	0.00360581	0.00327600
1.00000000	0.00388680	0.00445377
1.00000000	0.00420923	0.00605433
1.00000000	0.00458026	0.00822890
1.00000000	0.00500848	0.01118233
1.00000000	0.00550428	0.01519175
1.00000000	0.00608019	0.02063131
1.00000000	0.00675142	0.02800487
1.00000000	0.00753650	0.03798856
1.00000000	0.00845803	0.05148528
1.00000000	0.00954362	0.06969281
1.00000000	0.01082711	0.09418577
1.00000000	0.01235002	0.12700841
1.00000000	0.01416320	0.17076925
1.00000000	0.01632888	0.22871750
1.00000000	0.01892286	0.30476469
1.00000000	0.02203671	0.40339249
1.00000000	0.02577943	0.52936573
1.00000000	0.03027755	0.68716232
1.00000000	0.03567135	0.88006846
1.00000000	0.04210287	1.10900028
1.00000000	0.04968692	1.37130906
1.00000000	0.05844853	1.66003533
1.00000000	0.06819554	1.96413013
1.00000000	0.07827131	2.26989307
1.00000000	0.08710460	2.56332399
1.00000000	0.09149444	2.83258347
1.00000000	0.08590064	3.06969371
1.00000000	0.06363062	3.27103882
1.00000000	0.02633975	3.43680211
1.00000000	0.00160131	3.56982850
1.00000000	0.00000000	3.67441095
1.00000000	0.00000000	3.75531030
1.00000000	0.00000000	3.81710905
1.00000000	0.00000000	3.86386573
1.00000000	0.00000000	3.89898525
1.00000000	0.00000000	3.92522008
1.00000000	0.00000000	3.94473795
1.00000000	0.00000000	3.95921452
1.00000000	0.00000000	3.96992768
1.00000000	0.00000000	3.97784255
1.00000000	0.00000000	3.98368284
1.00000000	0.00000000	4.00000000
